Workbook
Name SS: 'PERIOD 5'!#REF!

Sheet normuren
A1: Course development | B1: Hours
A2: New | B2: 150
A3: Adapted | B3: 100
A4: Existing | B4: 50
A5: Total
A7: Course coordination | B7: Hours
A8: 1-2 tutorial groups | B8: 15
A9: 3-5 tutorial groups | B9: 30
A10: 6-8 tutorial groups | B10: 45
A11: 9 and more tutorial groups | B11: 60
A14: Curriculum development | B14: Hours
A15: Curriculum committee chairman | B15: 150 | C15: per academic year
A16: Curriculum committee member | B16: 80 | C16: per academic year
A17: Board of studies chairman | B17: 100 | C17: per academic year
A18: Board of studies member | B18: 30 | C18: per academic year
A19: Vice Dean | B19: 300 | C19: per academic year
A20: Course development | B20: 50-150 | C20: depending on workload
A22: Teaching
A23: Course coordination | B23: 15-60 | C23: depending on group size
A24: Tutors | B24: 1.5 | C24: per tutorial hour
A25: Tutors (1st Year JTF) | B25: 1.9 | C25: per tutorial hour
A26: Lectures | B26: 3 | C26: per lecturing hour
A27: Tutors skills training | B27: 20 | C27: per group
A28: Tutors projects | B28: 10 | C28: per group
A29: Assessment (1,5 hours per student per course) | B29: 1.5 | C29: per student per course
A30: Assessment assignments writing and projects | B30: 1.5 | C30: per student per course
A39: Fixed roles
A40: Admissions Interview | B40: 1 | C40: per student per interview
A41: Examination board chair | B41: 800 | C41: per academic year
A42: Examination board member | B42: 25 | C42: per academic year
A43: Board of Survey chair | B43: 50 | C43: per academic year
A44: Board of Survey member | B44: 25 | C44: per academic year
A45: Skills coordination | B45: 100 | C45: per academic year
A46: Science Coordination | B46: 130 | C46: per academic year
A47: Board of Admissions member | B47: 20 | C47: per academic year
A48: AA coordination/committee | B48: 700 | C48: per academic year
A49: Capstone supervision | B49: 12 | C49: per student per capstone
A50: Capstone 2nd grader | B50: 4 | C50: per student per capstone
A51: Curriculum evaluation | B51: 120 | C51: per academic year
... A57: Universalis board member | B57: 1500 | C57: per academic year

Sheet PERIOD 1
A1: PERIOD 1 | K1: Hours | AU1: Junior Lecturers (D4) & OBP | AV1: Junior Lecturers (D4) & OBP
A2: CODE | B2: COURSE TITLE | C2: Faculty | D2: COORDINATOR | E2: NR | F2: TG | G2: TG | H2: ST/TG | I2: Lect | J2: lect | K2: CO | L2: per TG regular staff | M2: Per TG 1st Year JTF | N2: Per ST | O2: FAC | P2: Lbe | Q2: LB | R2: Sca | S2: TD | T2: WvD | U2: CE | V2: AF | W2: WG | X2: TG | Y2: RH | Z2: CH | AA2: KH | AB2: MH | AC2: MK | AD2: MK | AE2: VL | AF2: EM | AG2: DM | AH2: JM | AI2: UM | AJ2: AO | AK2: JvP | AL2: CR | AM2: IR | AN2: JS | AO2: BS | AP2: MS | AQ2: PV | AR2: DV | AS2: JW | AT2: AW | AU2: CYPL | AV2: JB/OBP | AW2: SB/D4 | AX2: CC/OBP | AY2: XT/D4 | AZ2: RvE/D4 | BA2: ZE/OBP | BB2: CG/D4 | BC2: JH/D4 | BD2: WH/D4 | BE2: JvL/D4 | BF2: IM/D4 | BG2: MM/D4 | BH2: APT/D4 | BI2: WS/D4 | BJ2: KK/D4 | BK2: JvZ/D4 | BL2: WOS/OBP | BM2: Total | BN2: TG problem
A4: CAP3000 | B4: Capstone | C4: UCM | D4: J. Moes/ E. Maegherman | E4: 57 | G4: 5 | X4: X | Y4: ? | AE4: 1 | AF4: 1 | AH4: 1 | AL4: 1 | AN4: X | AQ4: 1 | AR4: NO | AS4: X | AT4: NO | AU4: X
A5: COR1003 | B5: Contemporary World History | C5: UCM | D5: M. Stout | E5: 240 | F5: =E5/13 -> 18.461538 | G5: =ROUNDUP(F5,0) -> 19 | H5: =IF(G5=0,0,E5/G5) -> 12.631579 | J5: =I5*2*normuren!$B$26 -> 0 | K5: =IF(G5<3,normuren!$B$8,IF(AND(G5<6,G5>2),normuren!$B$9,IF(AND(G5<9,G5>5),normuren!$B$10,normuren!$B$11))) -> 60 | L5: =normuren!$B$24*2*12 -> 36 | M5: =normuren!$B$25*2*12 -> 45.6 | N5: =normuren!$B$29 -> 1.5 | O5: X | V5: NO | AK5: 2 | AP5: 2 | AW5: 3 | AY5: 3 | BA5: 3 | BE5: X | BG5: NO | BI5: 3 | BJ5: 3 | BM5: =SUM(O5:BL5) -> 19 | BN5: =G5-BM5 -> 0 | BO5: =IF(BN5>0,"Problem","Oke") -> Oke | BP5: no FP in BP 1; zeta/ceren
A6: COR1006 | B6: Science, Reason and Human Progress | C6: UCM | D6: M. Heins | E6: 157 | F6: =$E6/13 -> 12.076923 | G6: =ROUNDUP(F6,0) -> 13 | H6: =IF(G6=0,0,E6/G6) -> 12.076923 | J6: =I6*2*normuren!$B$26 -> 0 | K6: =IF(G6<3,normuren!$B$8,IF(AND(G6<6,G6>2),normuren!$B$9,IF(AND(G6<9,G6>5),normuren!$B$10,normuren!$B$11))) -> 60 | L6: =normuren!$B$27 -> 20 | M6: 20 | N6: =normuren!$B$29 -> 1.5 | O6: X | X6: X | AB6: 3 | AK6: X | AV6: 3 | AX6: 2 | AZ6: 2 | BB6: X | BC6: 3 | BE6: NO | BG6: X | BH6: X | BM6: =SUM(O6:BL6) -> 13 | BN6: =G6-BM6 -> 0 | BO6: =IF(BN6>0,"Problem","Oke") -> Oke | BP6: Rikus van Eeden 2 TG's Global Studies
A7: HUM1011 | B7: Introduction to Art; Representations, Performances and Interactions | C7: UCM | D7: C. Rausch -> I. Romgens | E7: 39 | F7: =E7/12 -> 3.25 | G7: 3 | H7: =IF(G7=0,0,E7/G7) -> 13 | J7: =I7*2*normuren!$B$26 -> 0 | K7: =IF(G7<3,normuren!$B$8,IF(AND(G7<6,G7>2),normuren!$B$9,IF(AND(G7<9,G7>5),normuren!$B$10,normuren!$B$11))) -> 30 | L7: =normuren!$B$24*2*12 -> 36 | M7: =normuren!$B$25*2*12 -> 45.6 | N7: =normuren!$B$29 -> 1.5 | AM7: 1 | BE7: 2 | BM7: =SUM(O7:BL7) -> 3 | BN7: =G7-BM7 -> 0 | BO7: =IF(BN7>0,"Problem","Oke") -> Oke
A8: HUM2058 | B8: History of Contemporary Spirituality | C8: UCM | D8: D. Vliegenthart | E8: 16 | F8: =E8/8 -> 2 | G8: =ROUNDUP(F8,0) -> 2 | H8: =IF(G8=0,0,E8/G8) -> 8 | J8: =I8*2*normuren!$B$26 -> 0 | K8: =IF(G8<3,normuren!$B$8,IF(AND(G8<6,G8>2),normuren!$B$9,IF(AND(G8<9,G8>5),normuren!$B$10,normuren!$B$11))) -> 15 | L8: =normuren!$B$24*2*12 -> 36 | M8: =normuren!$B$25*2*12 -> 45.6 | N8: =normuren!$B$29 -> 1.5 | AR8: 2 | BM8: =SUM(O8:BL8) -> 2 | BN8: =G8-BM8 -> 0 | BO8: =IF(BN8>0,"Problem","Oke") -> Oke
A9: SCI1009 | B9: Introduction to Biology | C9: UCM | D9: B. Schmitz | E9: 37 | F9: =E9/13 -> 2.8461538 | G9: =ROUNDUP(F9,0) -> 3 | H9: =IF(G9=0,0,E9/G9) -> 12.333333 | J9: =I9*2*normuren!$B$26 -> 0 | K9: =IF(G9<3,normuren!$B$8,IF(AND(G9<6,G9>2),normuren!$B$9,IF(AND(G9<9,G9>5),normuren!$B$10,normuren!$B$11))) -> 30 | L9: =normuren!$B$24*2*12 -> 36 | M9: =normuren!$B$25*2*12 -> 45.6 | N9: =normuren!$B$29 -> 1.5 | AO9: 1 | AX9: 2 | BM9: =SUM(O9:BL9) -> 3 | BN9: =G9-BM9 -> 0 | BO9: =IF(BN9>0,"Problem","Oke") -> Oke
A10: SCI2042 | B10: Infectious Diseases and Global Public Health | C10: UCM | D10: C. Lo | E10: 37 | F10: =E10/13 -> 2.8461538 | G10: =ROUNDUP(F10,0) -> 3 | H10: =IF(G10=0,0,E10/G10) -> 12.333333 | J10: =I10*2*normuren!$B$26 -> 0 | K10: =IF(G10<3,normuren!$B$8,IF(AND(G10<6,G10>2),normuren!$B$9,IF(AND(G10<9,G10>5),normuren!$B$10,normuren!$B$11))) -> 30 | L10: =normuren!$B$27 -> 20 | M10: 20 | N10: =normuren!$B$29 -> 1.5 | AO10: X | AU10: 3 | BM10: =SUM(O10:BL10) -> 3 | BN10: =G10-BM10 -> 0 | BO10: =IF(BN10>0,"Problem","Oke") -> Oke
A11: SKI1004 | B11: Research Methods I | C11: UCM | D11: J. Moes - > E. Maegherman | E11: 50 | F11: =E11/12 -> 4.1666667 | G11: 4 | H11: =IF(G11=0,0,E11/G11) -> 12.5 | J11: =I11*2*normuren!$B$26 -> 0 | K11: =IF(G11<3,normuren!$B$8,IF(AND(G11<6,G11>2),normuren!$B$9,IF(AND(G11<9,G11>5),normuren!$B$10,normuren!$B$11))) -> 30 | L11: =normuren!$B$27 -> 20 | M11: 20 | N11: =normuren!$B$29 -> 1.5 | O11: X | AF11: 1 | AH11: 1 | BI11: 2 | BL11: X | BM11: =SUM(O11:BL11) -> 4 | BN11: =G11-BM11 -> 0 | BO11: =IF(BN11>0,"Problem","Oke") -> Oke
A12: SKI1008 | B12: Introduction to Academic Skills I | C12: UCM | D12: A. Wellum / A. Foster | E12: 253 | F12: =E12/12 -> 21.083333 | G12: 23 | H12: =IF(G12=0,0,E12/G12) -> 11 | J12: =I12*2*normuren!$B$26 -> 0 | K12: =IF(G12<3,normuren!$B$8,IF(AND(G12<6,G12>2),normuren!$B$9,IF(AND(G12<9,G12>5),normuren!$B$10,normuren!$B$11))) -> 60 | L12: =normuren!$B$24*2*12 -> 36 | M12: =normuren!$B$25*2*12 -> 45.6 | N12: =normuren!$B$29 -> 1.5 | O12: X | V12: 2 | AD12: 2 | AT12: 2 | AV12: 2 | AX12: X | AY12: 2 | BB12: 2 | BD12: 3 | BE12: 3 | BG12: 3 | BJ12: 2 | BL12: X | BM12: =SUM(O12:BL12) -> 23 | BN12: =G12-BM12 -> 0 | BO12: =IF(BN12>0,"Problem","Oke") -> Oke
A13: SKI2007 | B13: Presentation Skills | C13: UCM | D13: D. Vliegenthart | E13: 110 | F13: =E13/8 -> 13.75 | G13: =ROUNDUP(F13,0) -> 14 | H13: =IF(G13=0,0,E13/G13) -> 7.8571429 | J13: =I13*2*normuren!$B$26 -> 0 | K13: =IF(G13<3,normuren!$B$8,IF(AND(G13<6,G13>2),normuren!$B$9,IF(AND(G13<9,G13>5),normuren!$B$10,normuren!$B$11))) -> 60 | L13: =normuren!$B$24*2*12 -> 36 | M13: =normuren!$B$25*2*12 -> 45.6 | N13: =normuren!$B$29 -> 1.5 | X13: 1 | AR13: 1 | AW13: 2 | AZ13: 0 | BA13: 1 | BB13: 3 | BD13: 3 | BE13: X | BH13: 3 | BL13: NO | BM13: =SUM(O13:BL13) -> 14 | BN13: =G13-BM13 -> 0 | BO13: =IF(BN13>0,"Problem","Oke") -> Oke
A14: SKI2049 | B14: Argumentation I | C14: UCM | D14: W. Giernalczyk | E14: 124 | F14: =E14/12 -> 10.333333 | G14: =ROUNDUP(F14,0) -> 11 | H14: =IF(G14=0,0,E14/G14) -> 11.272727 | J14: =I14*2*normuren!$B$26 -> 0 | K14: =IF(G14<3,normuren!$B$8,IF(AND(G14<6,G14>2),normuren!$B$9,IF(AND(G14<9,G14>5),normuren!$B$10,normuren!$B$11))) -> 60 | L14: =normuren!$B$27 -> 20 | M14: 20 | N14: =normuren!$B$29 -> 1.5 | O14: 2 | U14: 3 | W14: 1 | AQ14: 1 | BC14: 2 | BG14: 2 | BI14: X | BM14: =SUM(O14:BL14) -> 11 | BN14: =G14-BM14 -> 0 | BO14: =IF(BN14>0,"Problem","Oke") -> Oke
A15: SKI2085 | B15: Ethnography and Qualitative Interviewing I | C15: UCM | D15: U. Müller | E15: 46 | F15: =E15/12 -> 3.8333333 | G15: =ROUNDUP(F15,0) -> 4 | H15: =IF(G15=0,0,E15/G15) -> 11.5 | J15: =I15*2*normuren!$B$26 -> 0 | K15: =IF(G15<3,normuren!$B$8,IF(AND(G15<6,G15>2),normuren!$B$9,IF(AND(G15<9,G15>5),normuren!$B$10,normuren!$B$11))) -> 30 | L15: =normuren!$B$27 -> 20 | M15: 20 | N15: =normuren!$B$29 -> 1.5 | AA15: X | AE15: X | AH15: X | AI15: 1 | AL15: X | BB15: X | BF15: 2 | BL15: 1 | BM15: =SUM(O15:BL15) -> 4 | BN15: =G15-BM15 -> 0 | BO15: =IF(BN15>0,"Problem","Oke") -> Oke
A16: SSC1029 | B16: Sociological Perspectives | C16: UCM | D16: K. Heidemann | E16: 63 | F16: =E16/12 -> 5.25 | G16: 6 | H16: =IF(G16=0,0,E16/G16) -> 10.5 | J16: =I16*2*normuren!$B$26 -> 0 | K16: =IF(G16<3,normuren!$B$8,IF(AND(G16<6,G16>2),normuren!$B$9,IF(AND(G16<9,G16>5),normuren!$B$10,normuren!$B$11))) -> 45 | L16: =normuren!$B$24*2*12 -> 36 | M16: =normuren!$B$25*2*12 -> 45.6 | N16: =normuren!$B$29 -> 1.5 | O16: 4 | AA16: NO | AE16: 2 | BM16: =SUM(O16:BL16) -> 6 | BN16: =G16-BM16 -> 0 | BO16: =IF(BN16>0,"Problem","Oke") -> Oke
A17: SSC3036 | B17: American Foreign Policy | C17: UCM | D17: R. Haar | E17: 29 | F17: =E17/12 -> 2.4166667 | G17: 3 | H17: =IF(G17=0,0,E17/G17) -> 9.6666667 | J17: =I17*2*normuren!$B$26 -> 0 | K17: =IF(G17<3,normuren!$B$8,IF(AND(G17<6,G17>2),normuren!$B$9,IF(AND(G17<9,G17>5),normuren!$B$10,normuren!$B$11))) -> 30 | L17: =normuren!$B$24*2*12 -> 36 | M17: =normuren!$B$25*2*12 -> 45.6 | N17: =normuren!$B$29 -> 1.5 | U17: 2 | Y17: 1 | BG17: X | BM17: =SUM(O17:BL17) -> 3 | BN17: =G17-BM17 -> 0 | BO17: =IF(BN17>0,"Problem","Oke") -> Oke
A18: UGR3001 | B18: MaRBLe Undergraduate Research | C18: UCM | D18: J. Moes / U. Müller | E18: 18 | F18: =E18/12 -> 1.5 | G18: =ROUNDUP(F18,0) -> 2 | H18: =IF(G18=0,0,E18/G18) -> 9 | J18: =I18*2*normuren!$B$26 -> 0 | K18: =IF(G18<3,normuren!$B$8,IF(AND(G18<6,G18>2),normuren!$B$9,IF(AND(G18<9,G18>5),normuren!$B$10,normuren!$B$11))) -> 15 | L18: =normuren!$B$24*2*12 -> 36 | M18: =normuren!$B$25*2*12 -> 45.6 | N18: =normuren!$B$29 -> 1.5 | AF18: X | AH18: X | BM18: =SUM(O18:BL18) -> 0 | BN18: =G18-BM18 -> 2 | BO18: =IF(BN18>0,"Problem","Oke") -> Problem
A19: UGR3003 | B19: Applied Research & Internship Project | C19: UCM | D19: I. Römgens | E19: 8 | F19: =E19/12 -> 0.66666667 | G19: =ROUNDUP(F19,0) -> 1 | H19: =IF(G19=0,0,E19/G19) -> 8 | J19: =I19*2*normuren!$B$26 -> 0 | K19: =IF(G19<3,normuren!$B$8,IF(AND(G19<6,G19>2),normuren!$B$9,IF(AND(G19<9,G19>5),normuren!$B$10,normuren!$B$11))) -> 15 | L19: =normuren!$B$24*2*12 -> 36 | M19: =normuren!$B$25*2*12 -> 45.6 | N19: =normuren!$B$29 -> 1.5 | T19: X | AH19: X | AL19: X | AM19: X | AU19: X | BM19: =SUM(O19:BL19) -> 0 | BN19: =G19-BM19 -> 1 | BO19: =IF(BN19>0,"Problem","Oke") -> Problem
A20: HUM1007 | B20: Introduction to Philosophy | C20: FASOS | D20: R. Gabriels | E20: 52 | F20: =$E20/12 -> 4.3333333 | G20: 4 | H20: =IF(G20=0,0,E20/G20) -> 13 | J20: =I20*2*normuren!$B$26 -> 0 | K20: =IF(G20<3,normuren!$B$8,IF(AND(G20<6,G20>2),normuren!$B$9,IF(AND(G20<9,G20>5),normuren!$B$10,normuren!$B$11))) -> 30 | L20: =normuren!$B$24*2*12 -> 36 | M20: =normuren!$B$25*2*12 -> 45.6 | N20: =normuren!$B$29 -> 1.5 | BM20: =SUM(O20:BL20) -> 0 | BN20: =G20-BM20 -> 4 | BO20: =IF(BN20>0,"Problem","Oke") -> Problem
A21: HUM1012 | B21: Pop Songs and Poetry: Theory and Analysis | C21: FASOS | D21: J. Weusten | E21: 29 | F21: =E21/12 -> 2.4166667 | G21: =ROUNDUP(F21,0) -> 3 | H21: =IF(G21=0,0,E21/G21) -> 9.6666667 | J21: =I21*2*normuren!$B$26 -> 0 | K21: =IF(G21<3,normuren!$B$8,IF(AND(G21<6,G21>2),normuren!$B$9,IF(AND(G21<9,G21>5),normuren!$B$10,normuren!$B$11))) -> 30 | L21: =normuren!$B$27 -> 20 | M21: 20 | N21: =normuren!$B$29 -> 1.5 | O21: X | BM21: =SUM(O21:BL21) -> 0 | BN21: =G21-BM21 -> 3 | BO21: =IF(BN21>0,"Problem","Oke") -> Problem
A22: HUM2003 | B22: The Making of Crucial Differences: ‘Race’, Sexuality, Gender, and Class in Historical Perspective | C22: FASOS | D22: Lies Wesseling | E22: 64 | F22: =E22/12 -> 5.3333333 | G22: =ROUNDUP(F22,0) -> 6 | H22: =IF(G22=0,0,E22/G22) -> 10.666667 | J22: =I22*2*normuren!$B$26 -> 0 | K22: =IF(G22<3,normuren!$B$8,IF(AND(G22<6,G22>2),normuren!$B$9,IF(AND(G22<9,G22>5),normuren!$B$10,normuren!$B$11))) -> 45 | L22: =normuren!$B$24*2*12 -> 36 | M22: =normuren!$B$25*2*12 -> 45.6 | N22: =normuren!$B$29 -> 1.5 | O22: 4 | BF22: 2 | BH22: 0 | BI22: X | BM22: =SUM(O22:BL22) -> 6 | BN22: =G22-BM22 -> 0 | BO22: =IF(BN22>0,"Problem","Oke") -> Oke
A23: HUM2005 | B23: Enlightenment and Romanticism | C23: FASOS | D23: M. Doorman | E23: 16 | F23: =E23/12 -> 1.3333333 | G23: =ROUNDUP(F23,0) -> 2 | H23: =IF(G23=0,0,E23/G23) -> 8 | J23: =I23*2*normuren!$B$26 -> 0 | K23: =IF(G23<3,normuren!$B$8,IF(AND(G23<6,G23>2),normuren!$B$9,IF(AND(G23<9,G23>5),normuren!$B$10,normuren!$B$11))) -> 15 | L23: =normuren!$B$24*2*12 -> 36 | M23: =normuren!$B$25*2*12 -> 45.6 | N23: =normuren!$B$29 -> 1.5 | BM23: =SUM(O23:BL23) -> 0 | BN23: =G23-BM23 -> 2 | BO23: =IF(BN23>0,"Problem","Oke") -> Problem
A24: HUM2046 | B24: Science and Technology Studies 1: Living in a Technological Culture | C24: FASOS | D24: J. Mesman | E24: 42 | F24: =E24/12 -> 3.5 | G24: 4 | H24: =IF(G24=0,0,E24/G24) -> 10.5 | J24: =I24*2*normuren!$B$26 -> 0 | K24: =IF(G24<3,normuren!$B$8,IF(AND(G24<6,G24>2),normuren!$B$9,IF(AND(G24<9,G24>5),normuren!$B$10,normuren!$B$11))) -> 30 | L24: =normuren!$B$24*2*12 -> 36 | M24: =normuren!$B$25*2*12 -> 45.6 | N24: =normuren!$B$29 -> 1.5 | BM24: =SUM(O24:BL24) -> 0 | BN24: =G24-BM24 -> 4 | BO24: =IF(BN24>0,"Problem","Oke") -> Problem
A25: HUM3036 | B25: Narrative Media | C25: FASOS | D25: R. van de Vall R. Ausmeier | E25: 35 | F25: =E25/12 -> 2.9166667 | G25: =ROUNDUP(F25,0) -> 3 | H25: =IF(G25=0,0,E25/G25) -> 11.666667 | J25: =I25*2*normuren!$B$26 -> 0 | K25: =IF(G25<3,normuren!$B$8,IF(AND(G25<6,G25>2),normuren!$B$9,IF(AND(G25<9,G25>5),normuren!$B$10,normuren!$B$11))) -> 30 | L25: =normuren!$B$24*2*12 -> 36 | M25: =normuren!$B$25*2*12 -> 45.6 | N25: =normuren!$B$29 -> 1.5 | O25: 3 | BM25: =SUM(O25:BL25) -> 3 | BN25: =G25-BM25 -> 0 | BO25: =IF(BN25>0,"Problem","Oke") -> Oke
A26: HUM3043 | B26: Acts of Literature: The Role of Prose, Poetry, and Plays in a Changing World | C26: FASOS | D26: J. de Roder | E26: 22 | F26: =E26/12 -> 1.8333333 | G26: 2 | H26: =IF(G26=0,0,E26/G26) -> 11 | J26: =I26*2*normuren!$B$26 -> 0 | K26: =IF(G26<3,normuren!$B$8,IF(AND(G26<6,G26>2),normuren!$B$9,IF(AND(G26<9,G26>5),normuren!$B$10,normuren!$B$11))) -> 15 | L26: =normuren!$B$24*2*12 -> 36 | M26: =normuren!$B$25*2*12 -> 45.6 | N26: =normuren!$B$29 -> 1.5 | BM26: =SUM(O26:BL26) -> 0 | BN26: =G26-BM26 -> 2 | BO26: =IF(BN26>0,"Problem","Oke") -> Problem
A27: HUM3052 | B27: Lifting the Iron Curtain Modern and Contemporary Eastern Europe | C27: FASOS | D27: F. Laczó | E27: 36 | F27: =E27/12 -> 3 | G27: =ROUNDUP(F27,0) -> 3 | H27: =IF(G27=0,0,E27/G27) -> 12 | J27: =I27*2*normuren!$B$26 -> 0 | K27: =IF(G27<3,normuren!$B$8,IF(AND(G27<6,G27>2),normuren!$B$9,IF(AND(G27<9,G27>5),normuren!$B$10,normuren!$B$11))) -> 30 | L27: =normuren!$B$24*2*12 -> 36 | M27: =normuren!$B$25*2*12 -> 45.6 | N27: =normuren!$B$29 -> 1.5 | BM27: =SUM(O27:BL27) -> 0 | BN27: =G27-BM27 -> 3 | BO27: =IF(BN27>0,"Problem","Oke") -> Problem
A28: SCI1010 | B28: Basic Mathematical Tools | C28: DKE | D28: D. Vermeulen | E28: 27 | F28: =E28/13 -> 2.0769231 | G28: =ROUNDUP(F28,0) -> 3 | H28: =IF(G28=0,0,E28/G28) -> 9 | J28: =I28*2*normuren!$B$26 -> 0 | K28: =IF(G28<3,normuren!$B$8,IF(AND(G28<6,G28>2),normuren!$B$9,IF(AND(G28<9,G28>5),normuren!$B$10,normuren!$B$11))) -> 30 | L28: =normuren!$B$24*2*12 -> 36 | M28: =normuren!$B$25*2*12 -> 45.6 | N28: =normuren!$B$29 -> 1.5 | BM28: =SUM(O28:BL28) -> 0 | BN28: =G28-BM28 -> 3 | BO28: =IF(BN28>0,"Problem","Oke") -> Problem
A29: SCI2002 | B29: Discrete Mathematics | C29: DKE | D29: O. d'Huys | E29: 18 | F29: =E29/12 -> 1.5 | G29: 2 | H29: =IF(G29=0,0,E29/G29) -> 9 | J29: =I29*2*normuren!$B$26 -> 0 | K29: =IF(G29<3,normuren!$B$8,IF(AND(G29<6,G29>2),normuren!$B$9,IF(AND(G29<9,G29>5),normuren!$B$10,normuren!$B$11))) -> 15 | L29: =normuren!$B$24*2*12 -> 36 | M29: =normuren!$B$25*2*12 -> 45.6 | N29: =normuren!$B$29 -> 1.5 | BM29: =SUM(O29:BL29) -> 0 | BN29: =G29-BM29 -> 2 | BO29: =IF(BN29>0,"Problem","Oke") -> Problem
A30: SCI2011 | B30: Introduction to Programming | C30: DKE | D30: C. Browne / M. Stephenson | E30: 34 | F30: =E30/12 -> 2.8333333 | G30: 3 | H30: =IF(G30=0,0,E30/G30) -> 11.333333 | J30: =I30*2*normuren!$B$26 -> 0 | K30: =IF(G30<3,normuren!$B$8,IF(AND(G30<6,G30>2),normuren!$B$9,IF(AND(G30<9,G30>5),normuren!$B$10,normuren!$B$11))) -> 30 | L30: =normuren!$B$24*2*12 -> 36 | M30: =normuren!$B$25*2*12 -> 45.6 | N30: =normuren!$B$29 -> 1.5 | BM30: =SUM(O30:BL30) -> 0 | BN30: =G30-BM30 -> 3 | BO30: =IF(BN30>0,"Problem","Oke") -> Problem
A31: SCI2022 | B31: Genetics and Evolution | C31: FPN | D31: W. Voncken/ Co coord. B. Schmitz | E31: 32 | F31: =E31/12 -> 2.6666667 | G31: 3 | H31: =IF(G31=0,0,E31/G31) -> 10.666667 | J31: =I31*2*normuren!$B$26 -> 0 | K31: =IF(G31<3,normuren!$B$8,IF(AND(G31<6,G31>2),normuren!$B$9,IF(AND(G31<9,G31>5),normuren!$B$10,normuren!$B$11))) -> 30 | L31: =normuren!$B$24*2*12 -> 36 | M31: =normuren!$B$25*2*12 -> 45.6 | N31: =normuren!$B$29 -> 1.5 | O31: X | AO31: X | BM31: =SUM(O31:BL31) -> 0 | BN31: =G31-BM31 -> 3 | BO31: =IF(BN31>0,"Problem","Oke") -> Problem
A32: SCI3003 | B32: Optimization | C32: DKE | D32: G. Stamoulis | E32: 27 | F32: =E32/12 -> 2.25 | G32: =ROUNDUP(F32,0) -> 3 | H32: =IF(G32=0,0,E32/G32) -> 9 | J32: =I32*2*normuren!$B$26 -> 0 | K32: =IF(G32<3,normuren!$B$8,IF(AND(G32<6,G32>2),normuren!$B$9,IF(AND(G32<9,G32>5),normuren!$B$10,normuren!$B$11))) -> 30 | L32: =normuren!$B$27 -> 20 | M32: 20 | N32: =normuren!$B$29 -> 1.5 | BM32: =SUM(O32:BL32) -> 0 | BN32: =G32-BM32 -> 3 | BO32: =IF(BN32>0,"Problem","Oke") -> Problem
A33: SCI3007 | B33: Endocrinology | C33: FHML | D33: A. Gilde | E33: 49 | F33: =E33/12 -> 4.0833333 | G33: 4 | H33: =IF(G33=0,0,E33/G33) -> 12.25 | J33: =I33*2*normuren!$B$26 -> 0 | K33: =IF(G33<3,normuren!$B$8,IF(AND(G33<6,G33>2),normuren!$B$9,IF(AND(G33<9,G33>5),normuren!$B$10,normuren!$B$11))) -> 30 | L33: =normuren!$B$27 -> 20 | M33: 20 | N33: =normuren!$B$29 -> 1.5 | AO33: X | BM33: =SUM(O33:BL33) -> 0 | BN33: =G33-BM33 -> 4 | BO33: =IF(BN33>0,"Problem","Oke") -> Problem
A34: SKI2088 | B34: Lab Skills: Genetics | C34: FHML | D34: J. Broers | E34: 23 | F34: =E34/12 -> 1.9166667 | G34: =ROUNDUP(F34,0) -> 2 | H34: =IF(G34=0,0,E34/G34) -> 11.5 | J34: =I34*2*normuren!$B$26 -> 0 | K34: =IF(G34<3,normuren!$B$8,IF(AND(G34<6,G34>2),normuren!$B$9,IF(AND(G34<9,G34>5),normuren!$B$10,normuren!$B$11))) -> 15 | L34: =normuren!$B$24*2*12 -> 36 | M34: =normuren!$B$25*2*12 -> 45.6 | N34: =normuren!$B$29 -> 1.5 | BM34: =SUM(O34:BL34) -> 0 | BN34: =G34-BM34 -> 2 | BO34: =IF(BN34>0,"Problem","Oke") -> Problem
A35: SSC1005 | B35: Introduction to Psychology | C35: FPN | D35: Max Colombi | E35: 99 | F35: =E35/12 -> 8.25 | G35: 9 | H35: =IF(G35=0,0,E35/G35) -> 11 | J35: =I35*2*normuren!$B$26 -> 0 | K35: =IF(G35<3,normuren!$B$8,IF(AND(G35<6,G35>2),normuren!$B$9,IF(AND(G35<9,G35>5),normuren!$B$10,normuren!$B$11))) -> 60 | L35: =normuren!$B$24*2*12 -> 36 | M35: =normuren!$B$25*2*12 -> 45.6 | N35: =normuren!$B$29 -> 1.5 | O35: 8 | Z35: X? | BH35: 2 | BM35: =SUM(O35:BL35) -> 10 | BN35: =G35-BM35 -> -1 | BO35: =IF(BN35>0,"Problem","Oke") -> Oke
A36: SSC1007 | B36: Introduction to Law and legal Reasoning | C36: LAW | D36: G. Arosemena | E36: 60 | F36: =E36/12 -> 5 | G36: 5 | H36: =IF(G36=0,0,E36/G36) -> 12 | J36: =I36*2*normuren!$B$26 -> 0 | K36: =IF(G36<3,normuren!$B$8,IF(AND(G36<6,G36>2),normuren!$B$9,IF(AND(G36<9,G36>5),normuren!$B$10,normuren!$B$11))) -> 30 | L36: =normuren!$B$24*2*12 -> 36 | M36: =normuren!$B$25*2*12 -> 45.6 | N36: =normuren!$B$29 -> 1.5 | BM36: =SUM(O36:BL36) -> 0 | BN36: =G36-BM36 -> 5 | BO36: =IF(BN36>0,"Problem","Oke") -> Problem
A37: SSC2002 | B37: International Relations: Themes and Theories | C37: LAW | D37: B. Erdogan | E37: 27 | F37: =E37/12 -> 2.25 | G37: =ROUNDUP(F37,0) -> 3 | H37: =IF(G37=0,0,E37/G37) -> 9 | J37: =I37*2*normuren!$B$26 -> 0 | K37: =IF(G37<3,normuren!$B$8,IF(AND(G37<6,G37>2),normuren!$B$9,IF(AND(G37<9,G37>5),normuren!$B$10,normuren!$B$11))) -> 30 | L37: =normuren!$B$24*2*12 -> 36 | M37: =normuren!$B$25*2*12 -> 45.6 | N37: =normuren!$B$29 -> 1.5 | O37: 3 | BM37: =SUM(O37:BL37) -> 3 | BN37: =G37-BM37 -> 0 | BO37: =IF(BN37>0,"Problem","Oke") -> Oke
A38: SSC2020 | B38: The Economics of Information | C38: SBE | D38: S. Terstiege | E38: 23 | F38: =E38/12 -> 1.9166667 | G38: 2 | H38: =IF(G38=0,0,E38/G38) -> 11.5 | J38: =I38*2*normuren!$B$26 -> 0 | K38: =IF(G38<3,normuren!$B$8,IF(AND(G38<6,G38>2),normuren!$B$9,IF(AND(G38<9,G38>5),normuren!$B$10,normuren!$B$11))) -> 15 | L38: =normuren!$B$24*2*12 -> 36 | M38: =normuren!$B$25*2*12 -> 45.6 | N38: =normuren!$B$29 -> 1.5 | BM38: =SUM(O38:BL38) -> 0 | BN38: =G38-BM38 -> 2 | BO38: =IF(BN38>0,"Problem","Oke") -> Problem
A39: SSC2046 | B39: Globalization and Inequality: Perspectives on Development | C39: FASOS | D39: W. Nauta | E39: 90 | F39: =E39/12 -> 7.5 | G39: 9 | H39: =IF(G39=0,0,E39/G39) -> 10 | J39: =I39*2*normuren!$B$26 -> 0 | K39: =IF(G39<3,normuren!$B$8,IF(AND(G39<6,G39>2),normuren!$B$9,IF(AND(G39<9,G39>5),normuren!$B$10,normuren!$B$11))) -> 60 | L39: =normuren!$B$24*2*12 -> 36 | M39: =normuren!$B$25*2*12 -> 45.6 | N39: =normuren!$B$29 -> 1.5 | BM39: =SUM(O39:BL39) -> 0 | BN39: =G39-BM39 -> 9 | BO39: =IF(BN39>0,"Problem","Oke") -> Problem
A40: SSC2063 | B40: The Psychology of Individual Differences | C40: FPN | D40: P. Brüll | E40: 62 | F40: =E40/12 -> 5.1666667 | G40: 5 | H40: =IF(G40=0,0,E40/G40) -> 12.4 | J40: =I40*2*normuren!$B$26 -> 0 | K40: =IF(G40<3,normuren!$B$8,IF(AND(G40<6,G40>2),normuren!$B$9,IF(AND(G40<9,G40>5),normuren!$B$10,normuren!$B$11))) -> 30 | L40: =normuren!$B$24*2*12 -> 36 | M40: =normuren!$B$25*2*12 -> 45.6 | N40: =normuren!$B$29 -> 1.5 | O40: 5 | BF40: 0 | BM40: =SUM(O40:BL40) -> 5 | BN40: =G40-BM40 -> 0 | BO40: =IF(BN40>0,"Problem","Oke") -> Oke
A41: SSC3006 | B41: The Social Study of Environmental Problems: Between Nature, Society, and Politics | C41: FASOS | D41: J. Lachmund | E41: 77 | F41: =E41/12 -> 6.4166667 | G41: =ROUNDUP(F41,0) -> 7 | H41: =IF(G41=0,0,E41/G41) -> 11 | J41: =I41*2*normuren!$B$26 -> 0 | K41: =IF(G41<3,normuren!$B$8,IF(AND(G41<6,G41>2),normuren!$B$9,IF(AND(G41<9,G41>5),normuren!$B$10,normuren!$B$11))) -> 45 | L41: =normuren!$B$24*2*12 -> 36 | M41: =normuren!$B$25*2*12 -> 45.6 | N41: =normuren!$B$29 -> 1.5 | BM41: =SUM(O41:BL41) -> 0 | BN41: =G41-BM41 -> 7 | BO41: =IF(BN41>0,"Problem","Oke") -> Problem
A42: SSC3019 | B42: Human Reasoning and Complex Cognition | C42: FPN | D42: A. van der Lugt | E42: 52 | F42: =E42/12 -> 4.3333333 | G42: =ROUNDUP(F42,0) -> 5 | H42: =IF(G42=0,0,E42/G42) -> 10.4 | J42: =I42*2*normuren!$B$26 -> 0 | K42: =IF(G42<3,normuren!$B$8,IF(AND(G42<6,G42>2),normuren!$B$9,IF(AND(G42<9,G42>5),normuren!$B$10,normuren!$B$11))) -> 30 | L42: =normuren!$B$24*2*12 -> 36 | M42: =normuren!$B$25*2*12 -> 45.6 | N42: =normuren!$B$29 -> 1.5 | O42: 5 | BM42: =SUM(O42:BL42) -> 5 | BN42: =G42-BM42 -> 0 | BO42: =IF(BN42>0,"Problem","Oke") -> Oke
A43: SSC3030 | B43: European Institutions | C43: LAW | D43: P. Melin | E43: 25 | F43: =E43/12 -> 2.0833333 | G43: 2 | H43: =IF(G43=0,0,E43/G43) -> 12.5 | J43: =I43*2*normuren!$B$26 -> 0 | K43: =IF(G43<3,normuren!$B$8,IF(AND(G43<6,G43>2),normuren!$B$9,IF(AND(G43<9,G43>5),normuren!$B$10,normuren!$B$11))) -> 15 | L43: =normuren!$B$24*2*12 -> 36 | M43: =normuren!$B$25*2*12 -> 45.6 | N43: =normuren!$B$29 -> 1.5 | BM43: =SUM(O43:BL43) -> 0 | BN43: =G43-BM43 -> 2 | BO43: =IF(BN43>0,"Problem","Oke") -> Problem
A44: SSC3054 | B44: International Trade Law: Globalisation Trade and Development | C44: LAW | D44: I. Alexovicova | E44: 29 | F44: =E44/12 -> 2.4166667 | G44: 3 | H44: =IF(G44=0,0,E44/G44) -> 9.6666667 | J44: =I44*2*normuren!$B$26 -> 0 | K44: =IF(G44<3,normuren!$B$8,IF(AND(G44<6,G44>2),normuren!$B$9,IF(AND(G44<9,G44>5),normuren!$B$10,normuren!$B$11))) -> 30 | L44: =normuren!$B$24*2*12 -> 36 | M44: =normuren!$B$25*2*12 -> 45.6 | N44: =normuren!$B$29 -> 1.5 | BM44: =SUM(O44:BL44) -> 0 | BN44: =G44-BM44 -> 3 | BO44: =IF(BN44>0,"Problem","Oke") -> Problem
A46: Tutorgroups | G46: =SUM(G5:G45) -> 208 | O46: =SUM(O3:O44) -> 34 | P46: =SUM(P3:P44) -> 0 | Q46: =SUM(Q3:Q44) -> 0 | R46: =SUM(R3:R44) -> 0 | S46: =SUM(S3:S44) -> 0 | T46: =SUM(T3:T44) -> 0 | U46: =SUM(U3:U44) -> 5 | V46: =SUM(V3:V44) -> 2 | ... AB46: =SUM(AB3:AB44) -> 3 | AD46: =SUM(AD3:AD44) -> 2 | AE46: =SUM(AE3:AE44) -> 3 | AF46: =SUM(AF3:AF44) -> 2 | AG46: =SUM(AG3:AG44) -> 0 | AH46: =SUM(AH3:AH44) -> 2 | AI46: =SUM(AI3:AI44) -> 1 | AJ46: =SUM(AJ3:AJ44) -> 0 | AK46: =SUM(AK3:AK44) -> 2 | ... AV46: =SUM(AV3:AV44) -> 5 | AY46: =SUM(AY3:AY44) -> 5 | BJ46: =SUM(BJ3:BJ44) -> 5 | BK46: =SUM(BK3:BK44) -> 0 | BL46: =SUM(BL3:BL44) -> 1 | BM46: =SUM(BM3:BM44) -> 140 | BN46: =SUM(BN3:BN44) -> 68
A47: Tutorhours | O47: =SUM(O5:O45) -> 34 | P47: =SUM(P5:P45) -> 0 | Q47: =SUM(Q5:Q45) -> 0 | R47: =SUM(R5:R45) -> 0 | S47: =SUM(S5:S45) -> 0 | T47: =SUM(T5:T45) -> 0 | U47: =SUM(U5:U45) -> 5 | V47: =SUM(V5:V45) -> 2 | ... AB47: =SUM(AB5:AB45) -> 3 | AD47: =SUM(AD5:AD45) -> 2 | AE47: =SUM(AE5:AE45) -> 2 | AF47: =SUM(AF5:AF45) -> 1 | AG47: =SUM(AG5:AG45) -> 0 | AH47: =SUM(AH5:AH45) -> 1 | AI47: =SUM(AI5:AI45) -> 1 | AJ47: =SUM(AJ5:AJ45) -> 0 | AK47: =SUM(AK5:AK45) -> 2 | ... AR47: =SUM(AR5:AR45) -> 3 | AS47: =SUM(AS6:AS45) -> 0 | AT47: =SUM(AT5:AT45) -> 2 | AU47: =SUM(AU5:AU45) -> 3 | AV47: =SUM(AV5:AV45) -> 5 | AY47: =SUM(AY5:AY45) -> 5 | BJ47: =SUM(BJ5:BJ45) -> 5 | BK47: =SUM(BK5:BK45) -> 0 | BL47: =SUM(BL5:BL45) -> 1 | BM47: =SUMPRODUCT($L$3:$L$44,BM3:BM44) -> 4480
A48: Correction | O48: =SUM(O6:O46) -> 68 | P48: =SUM(P6:P46) -> 0 | Q48: =SUM(Q6:Q46) -> 0 | R48: =SUM(R6:R46) -> 0 | S48: =SUM(S6:S46) -> 0 | T48: =SUM(T6:T46) -> 0 | U48: =SUM(U6:U46) -> 10 | V48: =SUM(V6:V46) -> 4 | ... AB48: =SUM(AB6:AB46) -> 6 | AD48: =SUM(AD6:AD46) -> 4 | AE48: =SUM(AE6:AE46) -> 5 | AF48: =SUM(AF6:AF46) -> 3 | AG48: =SUM(AG6:AG46) -> 0 | AH48: =SUM(AH6:AH46) -> 3 | AI48: =SUM(AI6:AI46) -> 2 | AJ48: =SUM(AJ6:AJ46) -> 0 | AK48: =SUM(AK6:AK46) -> 2 | ... AR48: =SUM(AR6:AR46) -> 6 | AS48: =SUM(AS7:AS46) -> 0 | AT48: =SUM(AT6:AT46) -> 4 | AU48: =SUM(AU6:AU46) -> 6 | AV48: =SUM(AV6:AV46) -> 10 | AY48: =SUM(AY6:AY46) -> 7 | BJ48: =SUM(BJ6:BJ46) -> 7 | BK48: =SUM(BK6:BK46) -> 0 | BL48: =SUM(BL6:BL46) -> 2 | BM48: =SUMPRODUCT($H$3:$H$44,$N$3:$N$44,BM3:BM44) -> 2326.5
A49: Coordination | O49: =SUM(O7:O47) -> 102 | P49: =SUM(P7:P47) -> 0 | Q49: =SUM(Q7:Q47) -> 0 | R49: =SUM(R7:R47) -> 0 | S49: =SUM(S7:S47) -> 0 | T49: =SUM(T7:T47) -> 0 | U49: =SUM(U7:U47) -> 15 | V49: =SUM(V7:V47) -> 6 | ... AB49: =SUM(AB7:AB47) -> 6 | AD49: =SUM(AD7:AD47) -> 6 | AE49: =SUM(AE7:AE47) -> 7 | AF49: =SUM(AF7:AF47) -> 4 | AG49: =SUM(AG7:AG47) -> 0 | AH49: =SUM(AH7:AH47) -> 4 | AI49: =SUM(AI7:AI47) -> 3 | AJ49: =SUM(AJ7:AJ47) -> 0 | AK49: =SUM(AK7:AK47) -> 4 | ... AR49: =SUM(AR7:AR47) -> 9 | AS49: =SUM(AS8:AS47) -> 0 | AT49: =SUM(AT7:AT47) -> 6 | AU49: =SUM(AU7:AU47) -> 9 | AV49: =SUM(AV7:AV47) -> 12 | AY49: =SUM(AY7:AY47) -> 12 | BJ49: =SUM(BJ7:BJ47) -> 12 | BK49: =SUM(BK7:BK47) -> 0 | BL49: =SUM(BL7:BL47) -> 3 | BM49: =DSUM($D$2:$BM$44,$K$2,BM55:BM56) -> 0
A50: Total Teaching Hours per Period | O50: =SUM(O8:O48) -> 170 | P50: =SUM(P8:P48) -> 0 | Q50: =SUM(Q8:Q48) -> 0 | R50: =SUM(R8:R48) -> 0 | S50: =SUM(S8:S48) -> 0 | T50: =SUM(T8:T48) -> 0 | U50: =SUM(U8:U48) -> 25 | V50: =SUM(V8:V48) -> 10 | ... AB50: =SUM(AB8:AB48) -> 12 | AD50: =SUM(AD8:AD48) -> 10 | AE50: =SUM(AE8:AE48) -> 12 | AF50: =SUM(AF8:AF48) -> 7 | AG50: =SUM(AG8:AG48) -> 0 | AH50: =SUM(AH8:AH48) -> 7 | AI50: =SUM(AI8:AI48) -> 5 | AJ50: =SUM(AJ8:AJ48) -> 0 | AK50: =SUM(AK8:AK48) -> 6 | ... AR50: =SUM(AR8:AR48) -> 15 | AS50: =SUM(AS9:AS48) -> 0 | AT50: =SUM(AT8:AT48) -> 10 | AU50: =SUM(AU8:AU48) -> 15 | AV50: =SUM(AV8:AV48) -> 22 | AY50: =SUM(AY8:AY48) -> 19 | BJ50: =SUM(BJ8:BJ48) -> 19 | BK50: =SUM(BK8:BK48) -> 0 | BL50: =SUM(BL8:BL48) -> 5 | BM50: =SUM(BM47:BM49) -> 6806.5
A51: Total Teaching Hours per Week | O51: =SUM(O9:O49) -> 272 | P51: =SUM(P9:P49) -> 0 | Q51: =SUM(Q9:Q49) -> 0 | R51: =SUM(R9:R49) -> 0 | S51: =SUM(S9:S49) -> 0 | T51: =SUM(T9:T49) -> 0 | U51: =SUM(U9:U49) -> 40 | V51: =SUM(V9:V49) -> 16 | ... AB51: =SUM(AB9:AB49) -> 18 | AD51: =SUM(AD9:AD49) -> 16 | AE51: =SUM(AE9:AE49) -> 19 | AF51: =SUM(AF9:AF49) -> 11 | AG51: =SUM(AG9:AG49) -> 0 | AH51: =SUM(AH9:AH49) -> 11 | AI51: =SUM(AI9:AI49) -> 8 | AJ51: =SUM(AJ9:AJ49) -> 0 | AK51: =SUM(AK9:AK49) -> 10 | ... AR51: =SUM(AR9:AR49) -> 22 | AS51: =SUM(AS10:AS49) -> 0 | AT51: =SUM(AT9:AT49) -> 16 | AU51: =SUM(AU9:AU49) -> 24 | AV51: =SUM(AV9:AV49) -> 34 | AY51: =SUM(AY9:AY49) -> 31 | BJ51: =SUM(BJ9:BJ49) -> 31 | BK51: =SUM(BK9:BK49) -> 0 | BL51: =SUM(BL9:BL49) -> 8
A52: Fixed Role Hours per Week | O52: =SUM(O10:O50) -> 442 | P52: =SUM(P10:P50) -> 0 | Q52: =SUM(Q10:Q50) -> 0 | R52: =SUM(R10:R50) -> 0 | S52: =SUM(S10:S50) -> 0 | T52: =SUM(T10:T50) -> 0 | U52: =SUM(U10:U50) -> 65 | V52: =SUM(V10:V50) -> 26 | ... AB52: =SUM(AB10:AB50) -> 30 | AD52: =SUM(AD10:AD50) -> 26 | AE52: =SUM(AE10:AE50) -> 31 | AF52: =SUM(AF10:AF50) -> 18 | AG52: =SUM(AG10:AG50) -> 0 | AH52: =SUM(AH10:AH50) -> 18 | AI52: =SUM(AI10:AI50) -> 13 | AJ52: =SUM(AJ10:AJ50) -> 0 | AK52: =SUM(AK10:AK50) -> 16 | ... AR52: =SUM(AR10:AR50) -> 37 | AS52: =SUM(AS11:AS50) -> 0 | AT52: =SUM(AT10:AT50) -> 26 | AU52: =SUM(AU10:AU50) -> 39 | AV52: =SUM(AV10:AV50) -> 56 | AY52: =SUM(AY10:AY50) -> 50 | BJ52: =SUM(BJ10:BJ50) -> 50 | BK52: =SUM(BK10:BK50) -> 0 | BL52: =SUM(BL10:BL50) -> 13
A53: Contract Hours per Week | O53: =SUM(O11:O51) -> 714 | P53: =SUM(P11:P51) -> 0 | Q53: =SUM(Q11:Q51) -> 0 | R53: =SUM(R11:R51) -> 0 | S53: =SUM(S11:S51) -> 0 | T53: =SUM(T11:T51) -> 0 | U53: =SUM(U11:U51) -> 105 | V53: =SUM(V11:V51) -> 42 | ... AB53: =SUM(AB11:AB51) -> 48 | AD53: =SUM(AD11:AD51) -> 42 | AE53: =SUM(AE11:AE51) -> 50 | AF53: =SUM(AF11:AF51) -> 29 | AG53: =SUM(AG11:AG51) -> 0 | AH53: =SUM(AH11:AH51) -> 29 | AI53: =SUM(AI11:AI51) -> 21 | AJ53: =SUM(AJ11:AJ51) -> 0 | AK53: =SUM(AK11:AK51) -> 26 | ... AR53: =SUM(AR11:AR51) -> 59 | AS53: =SUM(AS12:AS51) -> 0 | AT53: =SUM(AT11:AT51) -> 42 | AU53: =SUM(AU11:AU51) -> 60 | AV53: =SUM(AV11:AV51) -> 90 | AY53: =SUM(AY11:AY51) -> 81 | BJ53: =SUM(BJ11:BJ51) -> 81 | BK53: =SUM(BK11:BK51) -> 0 | BL53: =SUM(BL11:BL51) -> 21
A54: Hours Remaining per Week | O54: =SUM(O12:O52) -> 1156 | P54: =SUM(P12:P52) -> 0 | Q54: =SUM(Q12:Q52) -> 0 | R54: =SUM(R12:R52) -> 0 | S54: =SUM(S12:S52) -> 0 | T54: =SUM(T12:T52) -> 0 | U54: =SUM(U12:U52) -> 170 | V54: =SUM(V12:V52) -> 68 | ... AB54: =SUM(AB12:AB52) -> 78 | AD54: =SUM(AD12:AD52) -> 68 | AE54: =SUM(AE12:AE52) -> 81 | AF54: =SUM(AF12:AF52) -> 46 | AG54: =SUM(AG12:AG52) -> 0 | AH54: =SUM(AH12:AH52) -> 46 | AI54: =SUM(AI12:AI52) -> 34 | AJ54: =SUM(AJ12:AJ52) -> 0 | AK54: =SUM(AK12:AK52) -> 42 | ... AR54: =SUM(AR12:AR52) -> 96 | AS54: =SUM(AS13:AS52) -> 0 | AT54: =SUM(AT12:AT52) -> 68 | AU54: =SUM(AU12:AU52) -> 99 | AV54: =SUM(AV12:AV52) -> 146 | AY54: =SUM(AY12:AY52) -> 131 | BJ54: =SUM(BJ12:BJ52) -> 131 | BK54: =SUM(BK12:BK52) -> 0 | BL54: =SUM(BL12:BL52) -> 34
O55: CO | P55: CO | Q55: CO | R55: CO | S55: CO | T55: CO | U55: CO | V55: CO | W55: CO | X55: CO | Y55: CO | Z55: CO | AA55: CO | AB55: CO | AD55: CO | AE55: CO | AF55: CO | AG55: CO | AH55: CO | AI55: CO | AJ55: CO | AK55: CO | AL55: CO | AM55: CO | AN55: CO | AO55: CO | AP55: CO | AQ55: CO | AR55: CO | AS55: CO | AT55: CO | AU55: CO | AV55: CO | AY55: CO | BJ55: CO | BK55: CO | BL55: CO | BM55: CO
O56: =O2 -> FAC | P56: =P2 -> Lbe | Q56: =Q2 -> LB | R56: =R2 -> Sca | S56: =S2 -> TD | T56: =T2 -> WvD | U56: =U2 -> CE | V56: =V2 -> AF | ... AB56: =AB2 -> MH | AD56: =AD2 -> MK | AE56: =AE2 -> VL | AF56: =AF2 -> EM | AG56: =AG2 -> DM | AH56: =AH2 -> JM | AI56: =AI2 -> UM | AJ56: =AJ2 -> AO | AK56: =AK2 -> JvP | ... AV56: =AV2 -> JB/OBP | AY56: =AY2 -> XT/D4 | BJ56: =BJ2 -> KK/D4 | BK56: =BK2 -> JvZ/D4 | BL56: =BL2 -> WOS/OBP | BM56: =BM2 -> Total
A60: UCM
A61: No Teaching
A62: Teaching preference

Sheet PERIOD 2
A1: PERIOD 2 | K1: Hours | AU1: Junior Lecturers (D4) & OBP | AV1: Junior Lecturers (D4) & OBP
A2: CODE | B2: COURSE TITLE | C2: Faculty | D2: COORDINATOR | E2: NR | F2: TG | G2: TG | H2: ST/TG | I2: Lect | J2: lect | K2: Coor | L2: per TG regular staff | M2: Per TG 1st Year JTF | N2: Per ST | O2: FAC | P2: Lbe | Q2: LB | R2: Sca | S2: TD | T2: WvD | U2: CE | V2: AF | W2: WG | X2: TG | Y2: RH | Z2: CH | AA2: KH | AB2: MH | AC2: MK | AD2: VL | AE2: EM | AF2: DM | AG2: JM | AH2: UM | AI2: LO | AJ2: AO | AK2: JvP | AL2: CR | AM2: IR | AN2: JS | AO2: BS | AP2: MS | AQ2: PV | AR2: DV | AS2: JW | AT2: AW | AU2: CYPL | AV2: JB/OBP | AW2: SB/D4 | AX2: CC/OBP | AY2: XT/D4 | AZ2: RvE/D4 | BA2: ZE/OBP | BB2: CD/D4 | BC2: JH/D4 | BD2: WH/D4 | BE2: JvL/D4 | BF2: IM/D4 | BG2: APT/D4 | BH2: WS/D4 | BI2: KK/D4 | BJ2: MM/D4 | BK2: JvZ/D4 | BL2: WOS/OBP | BM2: Total | BN2: TG problem
A4: CAP3000 | B4: Capstone | C4: UCM | D4: J. Moes/ E. Maegherman | F4: =E4/12 -> 0 | H4: =IF(G4=0,0,E4/G4) -> 0 | P4: X | T4: 1 | X4: X | Y4: ? | AD4: 1 | AE4: X | AG4: 1 | AL4: 1 | AN4: X | AR4: X | AS4: X | AT4: X | AU4: 1
A5: COR1002 | B5: Philosophy of Science | C5: UCM | D5: P. Vermeer | F5: =E5/12 -> 0 | H5: =IF(G5=0,0,E5/G5) -> 0 | J5: =I5*2*normuren!$B$26 -> 0 | K5: =IF(G5<3,normuren!$B$8,IF(AND(G5<6,G5>2),normuren!$B$9,IF(AND(G5<9,G5>5),normuren!$B$10,normuren!$B$11))) -> 15 | L5: =normuren!$B$24*2*12 -> 36 | M5: =normuren!$B$25*2*12 -> 45.6 | N5: =normuren!$B$29 -> 1.5 | O5: X | X5: X | AQ5: 1 | AX5: X | BC5: 3 | BM5: =SUM(O5:BL5) -> 4 | BN5: =G5-BM5 -> -4 | BO5: =IF(BN5>0,"Problem","Oke") -> Oke | BP5: FP; zeta/ceren
A6: COR1004 | B6: Political Philosophy | C6: FASOS | D6: J. Prinz | F6: =$E6/12 -> 0 | G6: =ROUNDUP(F6,0) -> 0 | H6: =IF(G6=0,0,E6/G6) -> 0 | J6: =I6*2*normuren!$B$26 -> 0 | K6: =IF(G6<3,normuren!$B$8,IF(AND(G6<6,G6>2),normuren!$B$9,IF(AND(G6<9,G6>5),normuren!$B$10,normuren!$B$11))) -> 15 | L6: =normuren!$B$27 -> 20 | M6: 20 | N6: =normuren!$B$29 -> 1.5 | O6: X | BM6: =SUM(O6:BL6) -> 0 | BN6: =G6-BM6 -> 0 | BO6: =IF(BN6>0,"Problem","Oke") -> Oke | BP6: CH, 1-2 TG's Global Studies
A7: HUM1010 | B7: Common Foundations of Law in Europe | C7: LAW | D7: R. van Rhee | F7: =E7/12 -> 0 | G7: =ROUNDUP(F7,0) -> 0 | H7: =IF(G7=0,0,E7/G7) -> 0 | J7: =I7*2*normuren!$B$26 -> 0 | K7: =IF(G7<3,normuren!$B$8,IF(AND(G7<6,G7>2),normuren!$B$9,IF(AND(G7<9,G7>5),normuren!$B$10,normuren!$B$11))) -> 15 | L7: =normuren!$B$24*2*12 -> 36 | M7: =normuren!$B$25*2*12 -> 45.6 | N7: =normuren!$B$29 -> 1.5 | BM7: =SUM(O7:BL7) -> 0 | BN7: =G7-BM7 -> 0 | BO7: =IF(BN7>0,"Problem","Oke") -> Oke
A8: HUM1013 | B8: The Idea of Europe: The Intellectual History of Europe | C8: UCM | D8: M. Stout | F8: =E8/12 -> 0 | G8: =ROUNDUP(F8,0) -> 0 | H8: =IF(G8=0,0,E8/G8) -> 0 | J8: =I8*2*normuren!$B$26 -> 0 | K8: =IF(G8<3,normuren!$B$8,IF(AND(G8<6,G8>2),normuren!$B$9,IF(AND(G8<9,G8>5),normuren!$B$10,normuren!$B$11))) -> 15 | L8: =normuren!$B$27 -> 20 | M8: 20 | N8: =normuren!$B$29 -> 1.5 | Q8: Max 1 | AP8: 3 | BM8: =SUM(O8:BL8) -> 3 | BN8: =G8-BM8 -> -3 | BO8: =IF(BN8>0,"Problem","Oke") -> Oke
A9: HUM2013 | B9: The Presence of Art: Reinterpreting Modern and Contemporary Art | C9: UCM | D9: C. Rausch - > I. Romgens | F9: =E9/12 -> 0 | G9: =ROUNDUP(F9,0) -> 0 | H9: =IF(G9=0,0,E9/G9) -> 0 | J9: =I9*2*normuren!$B$26 -> 0 | K9: =IF(G9<3,normuren!$B$8,IF(AND(G9<6,G9>2),normuren!$B$9,IF(AND(G9<9,G9>5),normuren!$B$10,normuren!$B$11))) -> 15 | L9: =normuren!$B$24*2*12 -> 36 | M9: =normuren!$B$25*2*12 -> 45.6 | N9: =normuren!$B$29 -> 1.5 | O9: X | AM9: 2 | BE9: 2 | BM9: =SUM(O9:BL9) -> 4 | BN9: =G9-BM9 -> -4 | BO9: =IF(BN9>0,"Problem","Oke") -> Oke
A10: HUM2022 | B10: Digital Media: Digitalization, Digital Cultures and User Practices | C10: FASOS | D10: J. de Roder | F10: =E10/12 -> 0 | G10: =ROUNDUP(F10,0) -> 0 | H10: =IF(G10=0,0,E10/G10) -> 0 | J10: =I10*2*normuren!$B$26 -> 0 | K10: =IF(G10<3,normuren!$B$8,IF(AND(G10<6,G10>2),normuren!$B$9,IF(AND(G10<9,G10>5),normuren!$B$10,normuren!$B$11))) -> 15 | L10: =normuren!$B$24*2*12 -> 36 | M10: =normuren!$B$25*2*12 -> 45.6 | N10: =normuren!$B$29 -> 1.5 | BM10: =SUM(O10:BL10) -> 0 | BN10: =G10-BM10 -> 0 | BO10: =IF(BN10>0,"Problem","Oke") -> Oke
A11: HUM2057 | B11: Religion, Myth and Secularization | C11: FASOS | D11: M. Kardaun | F11: =E11/12 -> 0 | G11: =ROUNDUP(F11,0) -> 0 | H11: =IF(G11=0,0,E11/G11) -> 0 | J11: =I11*2*normuren!$B$26 -> 0 | K11: =IF(G11<3,normuren!$B$8,IF(AND(G11<6,G11>2),normuren!$B$9,IF(AND(G11<9,G11>5),normuren!$B$10,normuren!$B$11))) -> 15 | L11: =normuren!$B$24*2*12 -> 36 | M11: =normuren!$B$25*2*12 -> 45.6 | N11: =normuren!$B$29 -> 1.5 | O11: X | BM11: =SUM(O11:BL11) -> 0 | BN11: =G11-BM11 -> 0 | BO11: =IF(BN11>0,"Problem","Oke") -> Oke
A12: HUM2059 | B12: Data Analysis and Visualisation for the Humanities and Social Sciences | C12: FASOS | D12: S. Schreibman/C. Papadopoulos | F12: =E12/12 -> 0 | G12: =ROUNDUP(F12,0) -> 0 | H12: =IF(G12=0,0,E12/G12) -> 0 | J12: =I12*2*normuren!$B$26 -> 0 | K12: =IF(G12<3,normuren!$B$8,IF(AND(G12<6,G12>2),normuren!$B$9,IF(AND(G12<9,G12>5),normuren!$B$10,normuren!$B$11))) -> 15 | L12: =normuren!$B$24*2*12 -> 36 | M12: =normuren!$B$25*2*12 -> 45.6 | N12: =normuren!$B$29 -> 1.5 | BM12: =SUM(O12:BL12) -> 0 | BN12: =G12-BM12 -> 0 | BO12: =IF(BN12>0,"Problem","Oke") -> Oke
A13: HUM2060 | B13: Poetry, Poetry Theory and Poetry Practices | C13: FASOS | D13: J. de Roder | F13: =E13/12 -> 0 | G13: =ROUNDUP(F13,0) -> 0 | H13: =IF(G13=0,0,E13/G13) -> 0 | J13: =I13*2*normuren!$B$26 -> 0 | K13: =IF(G13<3,normuren!$B$8,IF(AND(G13<6,G13>2),normuren!$B$9,IF(AND(G13<9,G13>5),normuren!$B$10,normuren!$B$11))) -> 15 | L13: =normuren!$B$24*2*12 -> 36 | M13: =normuren!$B$25*2*12 -> 45.6 | N13: =normuren!$B$29 -> 1.5 | BM13: =SUM(O13:BL13) -> 0 | BN13: =G13-BM13 -> 0 | BO13: =IF(BN13>0,"Problem","Oke") -> Oke
A14: HUM3014 | B14: Philosophers of the 20th Century | C14: FASOS | D14: R. Gabriels | F14: =E14/12 -> 0 | G14: =ROUNDUP(F14,0) -> 0 | H14: =IF(G14=0,0,E14/G14) -> 0 | J14: =I14*2*normuren!$B$26 -> 0 | K14: =IF(G14<3,normuren!$B$8,IF(AND(G14<6,G14>2),normuren!$B$9,IF(AND(G14<9,G14>5),normuren!$B$10,normuren!$B$11))) -> 15 | L14: =normuren!$B$24*2*12 -> 36 | M14: =normuren!$B$25*2*12 -> 45.6 | N14: =normuren!$B$29 -> 1.5 | BM14: =SUM(O14:BL14) -> 0 | BN14: =G14-BM14 -> 0 | BO14: =IF(BN14>0,"Problem","Oke") -> Oke
A15: HUM3040 | B15: Crucial Differences in the 21st Century | C15: FASOS | D15: L. van den Hengel | F15: =E15/12 -> 0 | G15: =ROUNDUP(F15,0) -> 0 | H15: =IF(G15=0,0,E15/G15) -> 0 | J15: =I15*2*normuren!$B$26 -> 0 | K15: =IF(G15<3,normuren!$B$8,IF(AND(G15<6,G15>2),normuren!$B$9,IF(AND(G15<9,G15>5),normuren!$B$10,normuren!$B$11))) -> 15 | L15: =normuren!$B$24*2*12 -> 36 | M15: =normuren!$B$25*2*12 -> 45.6 | N15: =normuren!$B$29 -> 1.5 | BD15: X | BM15: =SUM(O15:BL15) -> 0 | BN15: =G15-BM15 -> 0 | BO15: =IF(BN15>0,"Problem","Oke") -> Oke
A16: HUM3049 | B16: Science and Technology Studies 2: Science, Power and Construction of Facts | C16: FASOS | D16: J. Mesman | F16: =E16/12 -> 0 | G16: =ROUNDUP(F16,0) -> 0 | H16: =IF(G16=0,0,E16/G16) -> 0 | J16: =I16*2*normuren!$B$26 -> 0 | K16: =IF(G16<3,normuren!$B$8,IF(AND(G16<6,G16>2),normuren!$B$9,IF(AND(G16<9,G16>5),normuren!$B$10,normuren!$B$11))) -> 15 | L16: =normuren!$B$24*2*12 -> 36 | M16: =normuren!$B$25*2*12 -> 45.6 | N16: =normuren!$B$29 -> 1.5 | BM16: =SUM(O16:BL16) -> 0 | BN16: =G16-BM16 -> 0 | BO16: =IF(BN16>0,"Problem","Oke") -> Oke
A17: HUM3050 | B17: A Cultural Critique of Our Aging Society | C17: FASOS | D17: A. Swinnen | F17: =E17/12 -> 0 | G17: =ROUNDUP(F17,0) -> 0 | H17: =IF(G17=0,0,E17/G17) -> 0 | J17: =I17*2*normuren!$B$26 -> 0 | K17: =IF(G17<3,normuren!$B$8,IF(AND(G17<6,G17>2),normuren!$B$9,IF(AND(G17<9,G17>5),normuren!$B$10,normuren!$B$11))) -> 15 | L17: =normuren!$B$24*2*12 -> 36 | M17: =normuren!$B$25*2*12 -> 45.6 | N17: =normuren!$B$29 -> 1.5 | BM17: =SUM(O17:BL17) -> 0 | BN17: =G17-BM17 -> 0 | BO17: =IF(BN17>0,"Problem","Oke") -> Oke
A18: HUM3053 | B18: The Idea of Africa | C18: UCM/FASOS | D18: U. Müller / T. Makori | F18: =E18/12 -> 0 | G18: =ROUNDUP(F18,0) -> 0 | H18: =IF(G18=0,0,E18/G18) -> 0 | J18: =I18*2*normuren!$B$26 -> 0 | K18: =IF(G18<3,normuren!$B$8,IF(AND(G18<6,G18>2),normuren!$B$9,IF(AND(G18<9,G18>5),normuren!$B$10,normuren!$B$11))) -> 15 | L18: =normuren!$B$24*2*12 -> 36 | M18: =normuren!$B$25*2*12 -> 45.6 | N18: =normuren!$B$29 -> 1.5 | AH18: 1 | BE18: X | BM18: =SUM(O18:BL18) -> 1 | BN18: =G18-BM18 -> -1 | BO18: =IF(BN18>0,"Problem","Oke") -> Oke
A19: SCI1004 | B19: Introduction to Chemistry | C19: MSP | D19: C. Bahn | F19: =E19/12 -> 0 | G19: =ROUNDUP(F19,0) -> 0 | H19: =IF(G19=0,0,E19/G19) -> 0 | J19: =I19*2*normuren!$B$26 -> 0 | K19: =IF(G19<3,normuren!$B$8,IF(AND(G19<6,G19>2),normuren!$B$9,IF(AND(G19<9,G19>5),normuren!$B$10,normuren!$B$11))) -> 15 | L19: =normuren!$B$24*2*12 -> 36 | M19: =normuren!$B$25*2*12 -> 45.6 | N19: =normuren!$B$29 -> 1.5 | O19: X | BM19: =SUM(O19:BL19) -> 0 | BN19: =G19-BM19 -> 0 | BO19: =IF(BN19>0,"Problem","Oke") -> Oke
A20: SCI1005 | B20: The Digital Enterprise | C20: SBE | D20: F. Harmsen | F20: =E20/12 -> 0 | G20: =ROUNDUP(F20,0) -> 0 | H20: =IF(G20=0,0,E20/G20) -> 0 | J20: =I20*2*normuren!$B$26 -> 0 | K20: =IF(G20<3,normuren!$B$8,IF(AND(G20<6,G20>2),normuren!$B$9,IF(AND(G20<9,G20>5),normuren!$B$10,normuren!$B$11))) -> 15 | L20: =normuren!$B$24*2*12 -> 36 | M20: =normuren!$B$25*2*12 -> 45.6 | N20: =normuren!$B$29 -> 1.5 | BM20: =SUM(O20:BL20) -> 0 | BN20: =G20-BM20 -> 0 | BO20: =IF(BN20>0,"Problem","Oke") -> Oke
A21: SCI1016 | B21: Sustainable Development | C21: MSI | D21: M. Huynen | F21: =E21/12 -> 0 | G21: =ROUNDUP(F21,0) -> 0 | H21: =IF(G21=0,0,E21/G21) -> 0 | J21: =I21*2*normuren!$B$26 -> 0 | K21: =IF(G21<3,normuren!$B$8,IF(AND(G21<6,G21>2),normuren!$B$9,IF(AND(G21<9,G21>5),normuren!$B$10,normuren!$B$11))) -> 15 | L21: =normuren!$B$27 -> 20 | M21: 20 | N21: =normuren!$B$29 -> 1.5 | O21: X | BM21: =SUM(O21:BL21) -> 0 | BN21: =G21-BM21 -> 0 | BO21: =IF(BN21>0,"Problem","Oke") -> Oke
A22: SCI2018 | B22: Calculus | C22: DKE | D22: G. Schoenmakers | F22: =E22/12 -> 0 | G22: =ROUNDUP(F22,0) -> 0 | H22: =IF(G22=0,0,E22/G22) -> 0 | J22: =I22*2*normuren!$B$26 -> 0 | K22: =IF(G22<3,normuren!$B$8,IF(AND(G22<6,G22>2),normuren!$B$9,IF(AND(G22<9,G22>5),normuren!$B$10,normuren!$B$11))) -> 15 | L22: =normuren!$B$27 -> 20 | M22: 20 | N22: =normuren!$B$29 -> 1.5 | BM22: =SUM(O22:BL22) -> 0 | BN22: =G22-BM22 -> 0 | BO22: =IF(BN22>0,"Problem","Oke") -> Oke
A23: SCI2034 | B23: Functional Neuroanatomy | C23: UCM | D23: M. Heins | F23: =E23/12 -> 0 | G23: =ROUNDUP(F23,0) -> 0 | H23: =IF(G23=0,0,E23/G23) -> 0 | J23: =I23*2*normuren!$B$26 -> 0 | K23: =IF(G23<3,normuren!$B$8,IF(AND(G23<6,G23>2),normuren!$B$9,IF(AND(G23<9,G23>5),normuren!$B$10,normuren!$B$11))) -> 15 | L23: =normuren!$B$27 -> 20 | M23: 20 | N23: =normuren!$B$29 -> 1.5 | AO23: X | AX23: 3 | BM23: =SUM(O23:BL23) -> 3 | BN23: =G23-BM23 -> -3 | BO23: =IF(BN23>0,"Problem","Oke") -> Oke
A24: SCI2035 | B24: Biochemistry | C24: FHML | D24: N. Deckers / C. Reutelingsperger | F24: =E24/12 -> 0 | G24: =ROUNDUP(F24,0) -> 0 | H24: =IF(G24=0,0,E24/G24) -> 0 | J24: =I24*2*normuren!$B$26 -> 0 | K24: =IF(G24<3,normuren!$B$8,IF(AND(G24<6,G24>2),normuren!$B$9,IF(AND(G24<9,G24>5),normuren!$B$10,normuren!$B$11))) -> 15 | L24: =normuren!$B$27 -> 20 | M24: 20 | N24: =normuren!$B$29 -> 1.5 | BM24: =SUM(O24:BL24) -> 0 | BN24: =G24-BM24 -> 0 | BO24: =IF(BN24>0,"Problem","Oke") -> Oke
A25: SCI2036 | B25: Artificial intelligence | C25: DKE | D25: S. Asteriadis | F25: =E25/12 -> 0 | G25: =ROUNDUP(F25,0) -> 0 | H25: =IF(G25=0,0,E25/G25) -> 0 | J25: =I25*2*normuren!$B$26 -> 0 | K25: =IF(G25<3,normuren!$B$8,IF(AND(G25<6,G25>2),normuren!$B$9,IF(AND(G25<9,G25>5),normuren!$B$10,normuren!$B$11))) -> 15 | L25: =normuren!$B$27 -> 20 | M25: 20 | N25: =normuren!$B$29 -> 1.5 | BM25: =SUM(O25:BL25) -> 0 | BN25: =G25-BM25 -> 0 | BO25: =IF(BN25>0,"Problem","Oke") -> Oke
A26: SCI3005 | B26: Metabolism, Nutrition and Exercise | C26: FHML | D26: J. Hoeks | F26: =E26/12 -> 0 | G26: =ROUNDUP(F26,0) -> 0 | H26: =IF(G26=0,0,E26/G26) -> 0 | J26: =I26*2*normuren!$B$26 -> 0 | K26: =IF(G26<3,normuren!$B$8,IF(AND(G26<6,G26>2),normuren!$B$9,IF(AND(G26<9,G26>5),normuren!$B$10,normuren!$B$11))) -> 15 | L26: =normuren!$B$27 -> 20 | M26: 20 | N26: =normuren!$B$29 -> 1.5 | BM26: =SUM(O26:BL26) -> 0 | BN26: =G26-BM26 -> 0 | BO26: =IF(BN26>0,"Problem","Oke") -> Oke
A27: SCI3050 | B27: Advances in Biomedical Sciences | C27: FHML | D27: P. Wieringa | F27: =E27/12 -> 0 | G27: =ROUNDUP(F27,0) -> 0 | H27: =IF(G27=0,0,E27/G27) -> 0 | J27: =I27*2*normuren!$B$26 -> 0 | K27: =IF(G27<3,normuren!$B$8,IF(AND(G27<6,G27>2),normuren!$B$9,IF(AND(G27<9,G27>5),normuren!$B$10,normuren!$B$11))) -> 15 | L27: =normuren!$B$24*2*12 -> 36 | M27: =normuren!$B$25*2*12 -> 45.6 | N27: =normuren!$B$29 -> 1.5 | BM27: =SUM(O27:BL27) -> 0 | BN27: =G27-BM27 -> 0 | BO27: =IF(BN27>0,"Problem","Oke") -> Oke
A28: SKI1005 | B28: Research Methods II | C28: UCM | D28: J. Moes - > E. Maegherman | F28: =E28/12 -> 0 | G28: =ROUNDUP(F28,0) -> 0 | H28: =IF(G28=0,0,E28/G28) -> 0 | J28: =I28*2*normuren!$B$26 -> 0 | K28: =IF(G28<3,normuren!$B$8,IF(AND(G28<6,G28>2),normuren!$B$9,IF(AND(G28<9,G28>5),normuren!$B$10,normuren!$B$11))) -> 15 | L28: =normuren!$B$24*2*12 -> 36 | M28: =normuren!$B$25*2*12 -> 45.6 | N28: =normuren!$B$29 -> 1.5 | AE28: 1 | AG28: 1 | AX28: X | BH28: 2 | BL28: 2 | BM28: =SUM(O28:BL28) -> 6 | BN28: =G28-BM28 -> -6 | BO28: =IF(BN28>0,"Problem","Oke") -> Oke
A29: SKI1009 | B29: Introduction to Academic Skills II | C29: UCM | D29: A. Wellum / A. Foster | F29: =$E29/12 -> 0 | G29: =ROUNDUP(F29,0) -> 0 | H29: =IF(G29=0,0,E29/G29) -> 0 | J29: =I29*2*normuren!$B$26 -> 0 | K29: =IF(G29<3,normuren!$B$8,IF(AND(G29<6,G29>2),normuren!$B$9,IF(AND(G29<9,G29>5),normuren!$B$10,normuren!$B$11))) -> 15 | L29: =normuren!$B$27 -> 20 | M29: 20 | N29: =normuren!$B$29 -> 1.5 | V29: 2 | AV29: 3 | AX29: X | BC29: 2 | BD29: 2 | BE29: 3 | BI29: 2 | BJ29: X | BM29: =SUM(O29:BL29) -> 14 | BN29: =G29-BM29 -> -14 | BO29: =IF(BN29>0,"Problem","Oke") -> Oke
A30: SKI2084 | B30: Writing in an Academic Context: Improving Argumentation and Style | C30: UCM | D30: A. Wellum / A. Foster | F30: =$E30/12 -> 0 | G30: =ROUNDUP(F30,0) -> 0 | H30: =IF(G30=0,0,E30/G30) -> 0 | J30: =I30*2*normuren!$B$26 -> 0 | K30: =IF(G30<3,normuren!$B$8,IF(AND(G30<6,G30>2),normuren!$B$9,IF(AND(G30<9,G30>5),normuren!$B$10,normuren!$B$11))) -> 15 | L30: =normuren!$B$27 -> 20 | M30: 20 | N30: =normuren!$B$29 -> 1.5 | V30: NO | X30: X | AD30: 1 | AT30: 3 | AX30: 2 | BH30: 3 | BM30: =SUM(O30:BL30) -> 9 | BN30: =G30-BM30 -> -9 | BO30: =IF(BN30>0,"Problem","Oke") -> Oke
A31: SKI2086 | B31: Lab Skills: Biochemistry | C31: FHML | D31: N. Beckers | F31: =E31/12 -> 0 | G31: =ROUNDUP(F31,0) -> 0 | H31: =IF(G31=0,0,E31/G31) -> 0 | J31: =I31*2*normuren!$B$26 -> 0 | K31: =IF(G31<3,normuren!$B$8,IF(AND(G31<6,G31>2),normuren!$B$9,IF(AND(G31<9,G31>5),normuren!$B$10,normuren!$B$11))) -> 15 | L31: =normuren!$B$24*2*12 -> 36 | M31: =normuren!$B$25*2*12 -> 45.6 | N31: =normuren!$B$29 -> 1.5 | BM31: =SUM(O31:BL31) -> 0 | BN31: =G31-BM31 -> 0 | BO31: =IF(BN31>0,"Problem","Oke") -> Oke
A32: SKI3002 | B32: Argumentation II | C32: UCM | D32: P. Vermeer | F32: =E32/12 -> 0 | G32: =ROUNDUP(F32,0) -> 0 | H32: =IF(G32=0,0,E32/G32) -> 0 | J32: =I32*2*normuren!$B$26 -> 0 | K32: =IF(G32<3,normuren!$B$8,IF(AND(G32<6,G32>2),normuren!$B$9,IF(AND(G32<9,G32>5),normuren!$B$10,normuren!$B$11))) -> 15 | L32: =normuren!$B$24*2*12 -> 36 | M32: =normuren!$B$25*2*12 -> 45.6 | N32: =normuren!$B$29 -> 1.5 | AQ32: 1 | AV32: 3 | BC32: X | BD32: 2 | BJ32: X | BM32: =SUM(O32:BL32) -> 6 | BN32: =G32-BM32 -> -6 | BO32: =IF(BN32>0,"Problem","Oke") -> Oke
A33: SKI3003 | B33: Research Studio, introduction to applying an art practice as research method | C33: UCM | D33: I. Römgens | F33: =E33/12 -> 0 | G33: =ROUNDUP(F33,0) -> 0 | H33: =IF(G33=0,0,E33/G33) -> 0 | J33: =I33*2*normuren!$B$26 -> 0 | K33: =IF(G33<3,normuren!$B$8,IF(AND(G33<6,G33>2),normuren!$B$9,IF(AND(G33<9,G33>5),normuren!$B$10,normuren!$B$11))) -> 15 | L33: =normuren!$B$24*2*12 -> 36 | M33: =normuren!$B$25*2*12 -> 45.6 | N33: =normuren!$B$29 -> 1.5 | AM33: X | BM33: =SUM(O33:BL33) -> 0 | BN33: =G33-BM33 -> 0 | BO33: =IF(BN33>0,"Problem","Oke") -> Oke
A34: SKI3050 | B34: Preparing Conference | C34: UCM | D34: W. van Dellen | F34: =E34/12 -> 0 | G34: =ROUNDUP(F34,0) -> 0 | H34: =IF(G34=0,0,E34/G34) -> 0 | J34: =I34*2*normuren!$B$26 -> 0 | K34: =IF(G34<3,normuren!$B$8,IF(AND(G34<6,G34>2),normuren!$B$9,IF(AND(G34<9,G34>5),normuren!$B$10,normuren!$B$11))) -> 15 | L34: =normuren!$B$24*2*12 -> 36 | M34: =normuren!$B$25*2*12 -> 45.6 | N34: =normuren!$B$29 -> 1.5 | T34: 1 or 2 | BM34: =SUM(O34:BL34) -> 0 | BN34: =G34-BM34 -> 0 | BO34: =IF(BN34>0,"Problem","Oke") -> Oke
A35: SKI3052 | B35: Ethnography and Qualitative Interviewing II | C35: UCM | D35: U. Müller | F35: =E35/12 -> 0 | G35: =ROUNDUP(F35,0) -> 0 | H35: =IF(G35=0,0,E35/G35) -> 0 | J35: =I35*2*normuren!$B$26 -> 0 | K35: =IF(G35<3,normuren!$B$8,IF(AND(G35<6,G35>2),normuren!$B$9,IF(AND(G35<9,G35>5),normuren!$B$10,normuren!$B$11))) -> 15 | L35: =normuren!$B$24*2*12 -> 36 | M35: =normuren!$B$25*2*12 -> 45.6 | N35: =normuren!$B$29 -> 1.5 | AH35: 2 to 4 | BM35: =SUM(O35:BL35) -> 0 | BN35: =G35-BM35 -> 0 | BO35: =IF(BN35>0,"Problem","Oke") -> Oke
A36: SSC1025 | B36: Introduction to Political Science | C36: UCM | D36: R. Haar | F36: =E36/12 -> 0 | G36: =ROUNDUP(F36,0) -> 0 | H36: =IF(G36=0,0,E36/G36) -> 0 | J36: =I36*2*normuren!$B$26 -> 0 | K36: =IF(G36<3,normuren!$B$8,IF(AND(G36<6,G36>2),normuren!$B$9,IF(AND(G36<9,G36>5),normuren!$B$10,normuren!$B$11))) -> 15 | L36: =normuren!$B$24*2*12 -> 36 | M36: =normuren!$B$25*2*12 -> 45.6 | N36: =normuren!$B$29 -> 1.5 | Y36: 1 | BI36: 3 | BJ36: X? | BM36: =SUM(O36:BL36) -> 4 | BN36: =G36-BM36 -> -4 | BO36: =IF(BN36>0,"Problem","Oke") -> Oke
A37: SSC1027 | B37: Principles of Economics | C37: SBE | D37: S. Terstiege | F37: =E37/12 -> 0 | G37: =ROUNDUP(F37,0) -> 0 | H37: =IF(G37=0,0,E37/G37) -> 0 | J37: =I37*2*normuren!$B$26 -> 0 | K37: =IF(G37<3,normuren!$B$8,IF(AND(G37<6,G37>2),normuren!$B$9,IF(AND(G37<9,G37>5),normuren!$B$10,normuren!$B$11))) -> 15 | L37: =normuren!$B$24*2*12 -> 36 | M37: =normuren!$B$25*2*12 -> 45.6 | N37: =normuren!$B$29 -> 1.5 | BM37: =SUM(O37:BL37) -> 0 | BN37: =G37-BM37 -> 0 | BO37: =IF(BN37>0,"Problem","Oke") -> Oke
A38: SSC1030 | B38: Introduction to Business Administration | C38: SBE | D38: P. Bollen | F38: =E38/12 -> 0 | G38: =ROUNDUP(F38,0) -> 0 | H38: =IF(G38=0,0,E38/G38) -> 0 | J38: =I38*2*normuren!$B$26 -> 0 | K38: =IF(G38<3,normuren!$B$8,IF(AND(G38<6,G38>2),normuren!$B$9,IF(AND(G38<9,G38>5),normuren!$B$10,normuren!$B$11))) -> 15 | L38: =normuren!$B$24*2*12 -> 36 | M38: =normuren!$B$25*2*12 -> 45.6 | N38: =normuren!$B$29 -> 1.5 | O38: X | BM38: =SUM(O38:BL38) -> 0 | BN38: =G38-BM38 -> 0 | BO38: =IF(BN38>0,"Problem","Oke") -> Oke
A39: SSC2011 | B39: European Integration; History and Theory | C39: FASOS | D39: K. van Leeuwen | F39: =E39/12 -> 0 | G39: =ROUNDUP(F39,0) -> 0 | H39: =IF(G39=0,0,E39/G39) -> 0 | J39: =I39*2*normuren!$B$26 -> 0 | K39: =IF(G39<3,normuren!$B$8,IF(AND(G39<6,G39>2),normuren!$B$9,IF(AND(G39<9,G39>5),normuren!$B$10,normuren!$B$11))) -> 15 | L39: =normuren!$B$24*2*12 -> 36 | M39: =normuren!$B$25*2*12 -> 45.6 | N39: =normuren!$B$29 -> 1.5 | BM39: =SUM(O39:BL39) -> 0 | BN39: =G39-BM39 -> 0 | BO39: =IF(BN39>0,"Problem","Oke") -> Oke
A40: SSC2019 | B40: Social Psychology | C40: FPN | D40: A. van der Lugt/ M. Colombi | F40: =E40/12 -> 0 | G40: =ROUNDUP(F40,0) -> 0 | H40: =IF(G40=0,0,E40/G40) -> 0 | J40: =I40*2*normuren!$B$26 -> 0 | K40: =IF(G40<3,normuren!$B$8,IF(AND(G40<6,G40>2),normuren!$B$9,IF(AND(G40<9,G40>5),normuren!$B$10,normuren!$B$11))) -> 15 | L40: =normuren!$B$24*2*12 -> 36 | M40: =normuren!$B$25*2*12 -> 45.6 | N40: =normuren!$B$29 -> 1.5 | BM40: =SUM(O40:BL40) -> 0 | BN40: =G40-BM40 -> 0 | BO40: =IF(BN40>0,"Problem","Oke") -> Oke
A41: SSC2024 | B41: International Law | C41: LAW | D41: I. Westendorp | F41: =E41/12 -> 0 | G41: =ROUNDUP(F41,0) -> 0 | H41: =IF(G41=0,0,E41/G41) -> 0 | J41: =I41*2*normuren!$B$26 -> 0 | K41: =IF(G41<3,normuren!$B$8,IF(AND(G41<6,G41>2),normuren!$B$9,IF(AND(G41<9,G41>5),normuren!$B$10,normuren!$B$11))) -> 15 | L41: =normuren!$B$24*2*12 -> 36 | M41: =normuren!$B$25*2*12 -> 45.6 | N41: =normuren!$B$29 -> 1.5 | BM41: =SUM(O41:BL41) -> 0 | BN41: =G41-BM41 -> 0 | BO41: =IF(BN41>0,"Problem","Oke") -> Oke
A42: SSC2025 | B42: Memory | C42: FPN | D42: A. Sambeth | F42: =E42/12 -> 0 | G42: =ROUNDUP(F42,0) -> 0 | H42: =IF(G42=0,0,E42/G42) -> 0 | J42: =I42*2*normuren!$B$26 -> 0 | K42: =IF(G42<3,normuren!$B$8,IF(AND(G42<6,G42>2),normuren!$B$9,IF(AND(G42<9,G42>5),normuren!$B$10,normuren!$B$11))) -> 15 | L42: =normuren!$B$24*2*12 -> 36 | M42: =normuren!$B$25*2*12 -> 45.6 | N42: =normuren!$B$29 -> 1.5 | BM42: =SUM(O42:BL42) -> 0 | BN42: =G42-BM42 -> 0 | BO42: =IF(BN42>0,"Problem","Oke") -> Oke
A43: SSC2028 | B43: Classical Sociology | C43: UCM | D43: K. Heidemann | F43: =E43/12 -> 0 | G43: =ROUNDUP(F43,0) -> 0 | H43: =IF(G43=0,0,E43/G43) -> 0 | J43: =I43*2*normuren!$B$26 -> 0 | K43: =IF(G43<3,normuren!$B$8,IF(AND(G43<6,G43>2),normuren!$B$9,IF(AND(G43<9,G43>5),normuren!$B$10,normuren!$B$11))) -> 15 | L43: =normuren!$B$24*2*12 -> 36 | M43: =normuren!$B$25*2*12 -> 45.6 | N43: =normuren!$B$29 -> 1.5 | AA43: 1 to 2 | BM43: =SUM(O43:BL43) -> 0 | BN43: =G43-BM43 -> 0 | BO43: =IF(BN43>0,"Problem","Oke") -> Oke
A44: SSC2048 | B44: Intermediate Microeconomics | C44: SBE | D44: A. Mackenzie | F44: =E44/12 -> 0 | G44: =ROUNDUP(F44,0) -> 0 | H44: =IF(G44=0,0,E44/G44) -> 0 | J44: =I44*2*normuren!$B$26 -> 0 | K44: =IF(G44<3,normuren!$B$8,IF(AND(G44<6,G44>2),normuren!$B$9,IF(AND(G44<9,G44>5),normuren!$B$10,normuren!$B$11))) -> 15 | L44: =normuren!$B$24*2*12 -> 36 | M44: =normuren!$B$25*2*12 -> 45.6 | N44: =normuren!$B$29 -> 1.5 | BM44: =SUM(O44:BL44) -> 0 | BN44: =G44-BM44 -> 0 | BO44: =IF(BN44>0,"Problem","Oke") -> Oke
A45: SSC2055 | B45: Entrepreneurship | C45: SBE | D45: M. Carree | F45: =E45/12 -> 0 | G45: =ROUNDUP(F45,0) -> 0 | H45: =IF(G45=0,0,E45/G45) -> 0 | J45: =I45*2*normuren!$B$26 -> 0 | K45: =IF(G45<3,normuren!$B$8,IF(AND(G45<6,G45>2),normuren!$B$9,IF(AND(G45<9,G45>5),normuren!$B$10,normuren!$B$11))) -> 15 | L45: =normuren!$B$24*2*12 -> 36 | M45: =normuren!$B$25*2*12 -> 45.6 | N45: =normuren!$B$29 -> 1.5 | BM45: =SUM(O45:BL45) -> 0 | BN45: =G45-BM45 -> 0 | BO45: =IF(BN45>0,"Problem","Oke") -> Oke
A46: SSC2061 | B46: Statistics I | C46: SBE | D46: D. Tempelaar | F46: =E46/12 -> 0 | G46: =ROUNDUP(F46,0) -> 0 | H46: =IF(G46=0,0,E46/G46) -> 0 | J46: =I46*2*normuren!$B$26 -> 0 | K46: =IF(G46<3,normuren!$B$8,IF(AND(G46<6,G46>2),normuren!$B$9,IF(AND(G46<9,G46>5),normuren!$B$10,normuren!$B$11))) -> 15 | L46: =normuren!$B$24*2*12 -> 36 | M46: =normuren!$B$25*2*12 -> 45.6 | N46: =normuren!$B$29 -> 1.5 | BM46: =SUM(O46:BL46) -> 0 | BN46: =G46-BM46 -> 0 | BO46: =IF(BN46>0,"Problem","Oke") -> Oke
A47: SSC3008 | B47: Middle Eastern Politics | C47: LAW | D47: B. Erdogan | F47: =E47/12 -> 0 | G47: =ROUNDUP(F47,0) -> 0 | H47: =IF(G47=0,0,E47/G47) -> 0 | J47: =I47*2*normuren!$B$26 -> 0 | K47: =IF(G47<3,normuren!$B$8,IF(AND(G47<6,G47>2),normuren!$B$9,IF(AND(G47<9,G47>5),normuren!$B$10,normuren!$B$11))) -> 15 | L47: =normuren!$B$24*2*12 -> 36 | M47: =normuren!$B$25*2*12 -> 45.6 | N47: =normuren!$B$29 -> 1.5 | BM47: =SUM(O47:BL47) -> 0 | BN47: =G47-BM47 -> 0 | BO47: =IF(BN47>0,"Problem","Oke") -> Oke
A48: SSC3032 | B48: Atrocity Triangle | C48: LAW | D48: R. Moerland | F48: =E48/12 -> 0 | G48: =ROUNDUP(F48,0) -> 0 | H48: =IF(G48=0,0,E48/G48) -> 0 | J48: =I48*2*normuren!$B$26 -> 0 | K48: =IF(G48<3,normuren!$B$8,IF(AND(G48<6,G48>2),normuren!$B$9,IF(AND(G48<9,G48>5),normuren!$B$10,normuren!$B$11))) -> 15 | L48: =normuren!$B$24*2*12 -> 36 | M48: =normuren!$B$25*2*12 -> 45.6 | N48: =normuren!$B$29 -> 1.5 | BI48: X | BM48: =SUM(O48:BL48) -> 0 | BN48: =G48-BM48 -> 0 | BO48: =IF(BN48>0,"Problem","Oke") -> Oke
A49: SSC3033 | B49: Economic Psychology | C49: SBE | D49: P. Werner | F49: =E49/12 -> 0 | G49: =ROUNDUP(F49,0) -> 0 | H49: =IF(G49=0,0,E49/G49) -> 0 | J49: =I49*2*normuren!$B$26 -> 0 | K49: =IF(G49<3,normuren!$B$8,IF(AND(G49<6,G49>2),normuren!$B$9,IF(AND(G49<9,G49>5),normuren!$B$10,normuren!$B$11))) -> 15 | L49: =normuren!$B$24*2*12 -> 36 | M49: =normuren!$B$25*2*12 -> 45.6 | N49: =normuren!$B$29 -> 1.5 | BM49: =SUM(O49:BL49) -> 0 | BN49: =G49-BM49 -> 0 | BO49: =IF(BN49>0,"Problem","Oke") -> Oke
A50: SSC3041 | B50: Economics and Society in Contemporary Asia | C50: SBE | D50: K. Mau | F50: =E50/12 -> 0 | G50: =ROUNDUP(F50,0) -> 0 | H50: =IF(G50=0,0,E50/G50) -> 0 | J50: =I50*2*normuren!$B$26 -> 0 | K50: =IF(G50<3,normuren!$B$8,IF(AND(G50<6,G50>2),normuren!$B$9,IF(AND(G50<9,G50>5),normuren!$B$10,normuren!$B$11))) -> 15 | L50: =normuren!$B$24*2*12 -> 36 | M50: =normuren!$B$25*2*12 -> 45.6 | N50: =normuren!$B$29 -> 1.5 | BM50: =SUM(O50:BL50) -> 0 | BN50: =G50-BM50 -> 0 | BO50: =IF(BN50>0,"Problem","Oke") -> Oke
A51: SSC3047 | B51: Urbanisation, Development and Poverty | C51: FASOS | D51: B. Pasveer | F51: =E51/12 -> 0 | G51: =ROUNDUP(F51,0) -> 0 | H51: =IF(G51=0,0,E51/G51) -> 0 | J51: =I51*2*normuren!$B$26 -> 0 | K51: =IF(G51<3,normuren!$B$8,IF(AND(G51<6,G51>2),normuren!$B$9,IF(AND(G51<9,G51>5),normuren!$B$10,normuren!$B$11))) -> 15 | L51: =normuren!$B$24*2*12 -> 36 | M51: =normuren!$B$25*2*12 -> 45.6 | N51: =normuren!$B$29 -> 1.5 | BM51: =SUM(O51:BL51) -> 0 | BN51: =G51-BM51 -> 0 | BO51: =IF(BN51>0,"Problem","Oke") -> Oke
A52: SSC3049 | B52: Human Rights: Principles and Polemics | C52: LAW | D52: G. Arosemena | F52: =E52/12 -> 0 | G52: =ROUNDUP(F52,0) -> 0 | H52: =IF(G52=0,0,E52/G52) -> 0 | J52: =I52*2*normuren!$B$26 -> 0 | K52: =IF(G52<3,normuren!$B$8,IF(AND(G52<6,G52>2),normuren!$B$9,IF(AND(G52<9,G52>5),normuren!$B$10,normuren!$B$11))) -> 15 | L52: =normuren!$B$24*2*12 -> 36 | M52: =normuren!$B$25*2*12 -> 45.6 | N52: =normuren!$B$29 -> 1.5 | BM52: =SUM(O52:BL52) -> 0 | BN52: =G52-BM52 -> 0 | BO52: =IF(BN52>0,"Problem","Oke") -> Oke
A55: Tutorgroups | G55: =SUM(G5:G54) -> 0 | O55: =SUM(O3:O52) -> 0 | P55: =SUM(P3:P52) -> 0 | Q55: =SUM(Q3:Q52) -> 0 | R55: =SUM(R3:R52) -> 0 | S55: =SUM(S3:S52) -> 0 | T55: =SUM(T3:T52) -> 1 | U55: =SUM(U3:U52) -> 0 | V55: =SUM(V3:V52) -> 2 | ... AH55: =SUM(AH3:AH52) -> 1 | AJ55: =SUM(AJ3:AJ52) -> 0 | AK55: =SUM(AK3:AK52) -> 0 | AL55: =SUM(AL3:AL52) -> 1 | AM55: =SUM(AM3:AM52) -> 2 | AN55: =SUM(AN3:AN52) -> 0 | AO55: =SUM(AO3:AO52) -> 0 | AP55: =SUM(AP3:AP52) -> 3 | AQ55: =SUM(AQ3:AQ52) -> 2 | ... AU55: =SUM(AU3:AU52) -> 1 | AV55: =SUM(AV3:AV53) -> 6 | AY55: =SUM(AY3:AY53) -> 0 | BB55: =SUM(BB3:BB53) -> 0 | BC55: =SUM(BC3:BC53) -> 5 | BI55: =SUM(BI3:BI53) -> 5 | BK55: =SUM(BK3:BK53) -> 0 | BL55: =SUM(BL3:BL53) -> 2 | BM55: =SUM(BM3:BM53) -> 54 | BN55: =SUM(BN3:BN53) -> -54
A56: Tutorhours | O56: =SUM(O5:O53) -> 0 | P56: =SUMPRODUCT($L$3:$L$52,P3:P52) -> 0 | Q56: =SUMPRODUCT($L$3:$L$52,Q3:Q52) -> 0 | R56: =SUMPRODUCT($L$3:$L$52,R3:R52) -> 0 | S56: =SUMPRODUCT($L$3:$L$52,S3:S52) -> 0 | T56: =SUMPRODUCT($L$3:$L$52,T3:T52) -> 0 | U56: =SUMPRODUCT($L$3:$L$52,U3:U52) -> 0 | V56: =SUMPRODUCT($L$3:$L$52,V3:V52) -> 40 | W56: =SUMPRODUCT($L$3:$L$52,W3:W52) -> 0 | ... AH56: =SUMPRODUCT($L$3:$L$52,AH3:AH52) -> 36 | AJ56: =SUMPRODUCT($L$3:$L$52,AJ3:AJ52) -> 0 | AK56: =SUMPRODUCT($L$3:$L$52,AK3:AK52) -> 0 | AL56: =SUMPRODUCT($L$3:$L$52,AL3:AL52) -> 0 | AM56: =SUMPRODUCT($L$3:$L$52,AM3:AM52) -> 72 | AN56: =SUMPRODUCT($L$3:$L$52,AN3:AN52) -> 0 | AO56: =SUMPRODUCT($L$3:$L$52,AO3:AO52) -> 0 | AP56: =SUMPRODUCT($L$3:$L$52,AP3:AP52) -> 60 | AQ56: =SUMPRODUCT($L$3:$L$52,AQ3:AQ52) -> 72 | ... AU56: =SUMPRODUCT($L$3:$L$52,AU3:AU52) -> 0 | AV56: =SUM(AV5:AV54) -> 6 | AY56: =SUM(AY5:AY54) -> 0 | BB56: =SUM(BB5:BB54) -> 0 | BC56: =SUM(BC5:BC54) -> 5 | BI56: =SUM(BI5:BI54) -> 5 | BK56: =SUM(BK5:BK54) -> 0 | BL56: =SUM(BL5:BL54) -> 2 | BM56: =SUMPRODUCT($L$3:$L$47,BM3:BM53) -> #VALUE!
A57: Correction | O57: =SUM(O6:O53) -> 0 | P57: =SUMPRODUCT($H$3:$H$52,$N$3:$N$52,P3:P52) -> 0 | Q57: =SUMPRODUCT($H$3:$H$52,$N$3:$N$52,Q3:Q52) -> 0 | R57: =SUMPRODUCT($H$3:$H$52,$N$3:$N$52,R3:R52) -> 0 | S57: =SUMPRODUCT($H$3:$H$52,$N$3:$N$52,S3:S52) -> 0 | T57: =SUMPRODUCT($H$3:$H$52,$N$3:$N$52,T3:T52) -> 0 | U57: =SUMPRODUCT($H$3:$H$52,$N$3:$N$52,U3:U52) -> 0 | V57: =SUMPRODUCT($H$3:$H$52,$N$3:$N$52,V3:V52) -> 0 | W57: =SUMPRODUCT($H$3:$H$52,$N$3:$N$52,W3:W52) -> 0 | ... AH57: =SUMPRODUCT($H$3:$H$52,$N$3:$N$52,AH3:AH52) -> 0 | AJ57: =SUMPRODUCT($H$3:$H$52,$N$3:$N$52,AJ3:AJ52) -> 0 | AK57: =SUMPRODUCT($H$3:$H$52,$N$3:$N$52,AK3:AK52) -> 0 | AL57: =SUMPRODUCT($H$3:$H$52,$N$3:$N$52,AL3:AL52) -> 0 | AM57: =SUMPRODUCT($H$3:$H$52,$N$3:$N$52,AM3:AM52) -> 0 | AN57: =SUMPRODUCT($H$3:$H$52,$N$3:$N$52,AN3:AN52) -> 0 | AO57: =SUMPRODUCT($H$3:$H$52,$N$3:$N$52,AO3:AO52) -> 0 | AP57: =SUMPRODUCT($H$3:$H$52,$N$3:$N$52,AP3:AP52) -> 0 | AQ57: =SUMPRODUCT($H$3:$H$52,$N$3:$N$52,AQ3:AQ52) -> 0 | ... AU57: =SUMPRODUCT($H$3:$H$52,$N$3:$N$52,AU3:AU52) -> 0 | AV57: =SUM(AV6:AV55) -> 12 | AY57: =SUM(AY6:AY55) -> 0 | BB57: =SUM(BB6:BB55) -> 0 | BC57: =SUM(BC6:BC55) -> 7 | BI57: =SUM(BI6:BI55) -> 10 | BK57: =SUM(BK6:BK55) -> 0 | BL57: =SUM(BL6:BL55) -> 4 | BM57: =SUMPRODUCT($H$3:$H$47,$N$3:$N$47,BM3:BM53) -> #VALUE!
A58: Coordination | O58: =SUM(O7:O54) -> 0 | P58: =DSUM($D$2:$BK$52,$K$2,P64:P65) -> 0 | Q58: =DSUM($D$2:$BK$52,$K$2,Q64:Q65) -> 0 | R58: =DSUM($D$2:$BK$52,$K$2,R64:R65) -> 0 | S58: =DSUM($D$2:$BK$52,$K$2,S64:S65) -> 0 | T58: =DSUM($D$2:$BK$52,$K$2,T64:T65) -> 0 | U58: =DSUM($D$2:$BK$52,$K$2,U64:U65) -> 0 | V58: =DSUM($D$2:$BK$52,$K$2,V64:V65) -> 0 | W58: =DSUM($D$2:$BK$52,$K$2,W64:W65) -> 0 | ... AH58: =DSUM($D$2:$BK$52,$K$2,AH64:AH65) -> 0 | AJ58: =DSUM($D$2:$BK$52,$K$2,AJ64:AJ65) -> 0 | AK58: =DSUM($D$2:$BK$52,$K$2,AK64:AK65) -> 0 | AL58: =DSUM($D$2:$BK$52,$K$2,AL64:AL65) -> 0 | AM58: =DSUM($D$2:$BK$52,$K$2,AM64:AM65) -> 0 | AN58: =DSUM($D$2:$BK$52,$K$2,AN64:AN65) -> 0 | AO58: =DSUM($D$2:$BK$52,$K$2,AO64:AO65) -> 0 | AP58: =DSUM($D$2:$BK$52,$K$2,AP64:AP65) -> 0 | AQ58: =DSUM($D$2:$BK$52,$K$2,AQ64:AQ65) -> 0 | ... AU58: =DSUM($D$2:$BK$52,$K$2,AU64:AU65) -> 0 | AV58: =SUM(AV7:AV56) -> 18 | AY58: =SUM(AY7:AY56) -> 0 | BB58: =SUM(BB7:BB56) -> 0 | BC58: =SUM(BC7:BC56) -> 12 | BI58: =SUM(BI7:BI56) -> 15 | BK58: =SUM(BK7:BK56) -> 0 | BL58: =SUM(BL7:BL56) -> 6 | BM58: =DSUM($D$2:$BM$47,$K$2,BM64:BM65) -> 0
A59: Total Teaching Hours per Period | O59: =SUM(O8:O55) -> 0 | P59: =P56+P57+P58 -> 0 | Q59: =Q56+Q57+Q58 -> 0 | R59: =R56+R57+R58 -> 0 | S59: =S56+S57+S58 -> 0 | T59: =T56+T57+T58 -> 0 | U59: =U56+U57+U58 -> 0 | V59: =V56+V57+V58 -> 40 | W59: =W56+W57+W58 -> 0 | ... AH59: =AH56+AH57+AH58 -> 36 | AJ59: =AJ56+AJ57+AJ58 -> 0 | AK59: =AK56+AK57+AK58 -> 0 | AL59: =AL56+AL57+AL58 -> 0 | AM59: =AM56+AM57+AM58 -> 72 | AN59: =AN56+AN57+AN58 -> 0 | AO59: =AO56+AO57+AO58 -> 0 | AP59: =AP56+AP57+AP58 -> 60 | AQ59: =AQ56+AQ57+AQ58 -> 72 | ... AU59: =AU56+AU57+AU58 -> 0 | AV59: =SUM(AV8:AV57) -> 30 | AY59: =SUM(AY8:AY57) -> 0 | BB59: =SUM(BB8:BB57) -> 0 | BC59: =SUM(BC8:BC57) -> 19 | BI59: =SUM(BI8:BI57) -> 25 | BK59: =SUM(BK8:BK57) -> 0 | BL59: =SUM(BL8:BL57) -> 10 | BM59: =SUM(BM56:BM58) -> #VALUE!
A60: Total Teaching Hours per Week | O60: =SUM(O9:O56) -> 0 | P60: =P59/8 -> 0 | Q60: =Q59/8 -> 0 | R60: =R59/8 -> 0 | S60: =S59/8 -> 0 | T60: =T59/8 -> 0 | U60: =U59/8 -> 0 | V60: =V59/8 -> 5 | W60: =W59/8 -> 0 | ... AH60: =AH59/8 -> 4.5 | AJ60: =AJ59/8 -> 0 | AK60: =AK59/8 -> 0 | AL60: =AL59/8 -> 0 | AM60: =AM59/8 -> 9 | AN60: =AN59/8 -> 0 | AO60: =AO59/8 -> 0 | AP60: =AP59/8 -> 7.5 | AQ60: =AQ59/8 -> 9 | ... AU60: =AU59/8 -> 0 | AV60: =SUM(AV9:AV58) -> 48 | AY60: =SUM(AY9:AY58) -> 0 | BB60: =SUM(BB9:BB58) -> 0 | BC60: =SUM(BC9:BC58) -> 31 | BI60: =SUM(BI9:BI58) -> 40 | BK60: =SUM(BK9:BK58) -> 0 | BL60: =SUM(BL9:BL58) -> 16
A61: Fixed Role Hours per Week | O61: =SUM(O10:O57) -> 0 | AV61: =SUM(AV10:AV59) -> 78 | AY61: =SUM(AY10:AY59) -> 0 | BB61: =SUM(BB10:BB59) -> 0 | BC61: =SUM(BC10:BC59) -> 50 | BI61: =SUM(BI10:BI59) -> 65 | BK61: =SUM(BK10:BK59) -> 0 | BL61: =SUM(BL10:BL59) -> 26
A62: Contract Hours per Week | O62: =SUM(O11:O58) -> 0 | AV62: =SUM(AV11:AV60) -> 126 | AY62: =SUM(AY11:AY60) -> 0 | BB62: =SUM(BB11:BB60) -> 0 | BC62: =SUM(BC11:BC60) -> 81 | BI62: =SUM(BI11:BI60) -> 105 | BK62: =SUM(BK11:BK60) -> 0 | BL62: =SUM(BL11:BL60) -> 42
A63: Hours Remaining per Week | O63: =SUM(O12:O59) -> 0 | AV63: =SUM(AV12:AV61) -> 204 | AY63: =SUM(AY12:AY61) -> 0 | BB63: =SUM(BB12:BB61) -> 0 | BC63: =SUM(BC12:BC61) -> 131 | BI63: =SUM(BI12:BI61) -> 170 | BK63: =SUM(BK12:BK61) -> 0 | BL63: =SUM(BL12:BL61) -> 68
O64: CO | P64: =P2 -> Lbe | Q64: =Q2 -> LB | R64: =R2 -> Sca | S64: =S2 -> TD | T64: =T2 -> WvD | U64: =U2 -> CE | V64: =V2 -> AF | W64: =W2 -> WG | ... AH64: =AH2 -> UM | AJ64: =AJ2 -> AO | AK64: =AK2 -> JvP | AL64: =AL2 -> CR | AM64: =AM2 -> IR | AN64: =AN2 -> JS | AO64: =AO2 -> BS | AP64: =AP2 -> MS | AQ64: =AQ2 -> PV | ... AU64: =AU2 -> CYPL | AV64: CO | AY64: CO | BB64: CO | BC64: CO | BI64: CO | BK64: CO | BL64: CO | BM64: CO
O65: =O2 -> FAC | P65: =P2 -> Lbe | Q65: =Q2 -> LB | R65: =R2 -> Sca | S65: =S2 -> TD | T65: =T2 -> WvD | U65: =U2 -> CE | V65: =V2 -> AF | ... AH65: =AH2 -> UM | AJ65: =AJ2 -> AO | AK65: =AK2 -> JvP | AL65: =AL2 -> CR | AM65: =AM2 -> IR | AN65: =AN2 -> JS | AO65: =AO2 -> BS | AP65: =AP2 -> MS | AQ65: =AQ2 -> PV | ... AV65: =AV2 -> JB/OBP | AY65: =AY2 -> XT/D4 | BB65: =BB2 -> CD/D4 | BC65: =#REF! -> #REF! | BI65: =BI2 -> KK/D4 | BK65: =BK2 -> JvZ/D4 | BL65: =BL2 -> WOS/OBP | BM65: =BM2 -> Total
A70: UCM
A71: No Teaching
A72: Teaching preference

Sheet PERIOD 3
A1: PERIOD 3 | K1: Hours | AT1: Junior Lecturers (D4) & OBP | AU1: Junior Lecturers (D4) & OBP
A2: CODE | B2: COURSE TITLE | C2: Faculty | D2: COORDINATOR | E2: NR | F2: TG | G2: TG | H2: ST/TG | I2: Lect | J2: lect | K2: Coor | L2: per TG regular staff | M2: Per TG 1st Year JTF | N2: Per ST | O2: FAC | P2: Lbe | Q2: LB | R2: Sca | S2: TD | T2: WvD | U2: CE | V2: AF | W2: WG | X2: TG | Y2: RH | Z2: CH | AA2: KH | AB2: MH | AC2: MK | AD2: VL | AE2: EM | AF2: DM | AG2: JM | AH2: UM | AI2: AO | AJ2: JvP | AK2: CR | AL2: IR | AM2: JS | AN2: BS | AO2: MS | AP2: PV | AQ2: DV | AR2: JW | AS2: AW | AT2: CYPL | AU2: JB/OBP | AV2: SB/D4 | AW2: CC/OBP | AX2: XT/D4 | AY2: RvE/D4 | AZ2: ZE/OBP | BA2: CG/D4 | BB2: JH/D4 | BC2: WH/D4 | BD2: JvL/D4 | BE2: IM/D4 | BF2: APT/D4 | BG2: WS/D4 | BH2: KK/D4 | BI2: MM/D4 | BJ2: WodS/OBP | BK2: JvZ/D4 | BL2: Total | BM2: TG problem
A4: CAP3000 | B4: Capstone | C4: UCM | D4: J. Moes / E. Maegherman | F4: =E4/12 -> 0 | G4: =ROUNDUP(F4,0) -> 0 | H4: =IF(G4=0,0,E4/G4) -> 0 | J4: =I4*2*normuren!$B$26 -> 0 | K4: =IF(G4<3,normuren!$B$8,IF(AND(G4<6,G4>2),normuren!$B$9,IF(AND(G4<9,G4>5),normuren!$B$10,normuren!$B$11))) -> 15 | L4: =normuren!$B$28 -> 10 | M4: 20 | N4: =normuren!$B$29 -> 1.5 | AM4: X | AS4: X | BL4: =SUM(O4:BK4) -> 0 | BM4: =G4-BL4 -> 0 | BN4: =IF(BM4>0,"Problem","Oke") -> Oke | BO4: FP; zeta/ceren
A5: PRO1010 | B5: Introducing Academic Communication: A Writing Project | C5: UCM | D5: A. Wellum / A. Foster | F5: =E5/12 -> 0 | G5: =ROUNDUP(F5,0) -> 0 | H5: =IF(G5=0,0,E5/G5) -> 0 | J5: =I5*2*normuren!$B$26 -> 0 | K5: =IF(G5<3,normuren!$B$8,IF(AND(G5<6,G5>2),normuren!$B$9,IF(AND(G5<9,G5>5),normuren!$B$10,normuren!$B$11))) -> 15 | L5: =normuren!$B$28 -> 10 | M5: 20 | N5: =normuren!$B$29 -> 1.5 | V5: 1 | AU5: 3 | AW5: X | BD5: 3 | BL5: =SUM(O5:BK5) -> 7 | BM5: =G5-BL5 -> -7 | BN5: =IF(BM5>0,"Problem","Oke") -> Oke
A6: PRO1012 | B6: Research Project | C6: UCM | D6: J. Moes | F6: =E6/12 -> 0 | G6: =ROUNDUP(F6,0) -> 0 | H6: =IF(G6=0,0,E6/G6) -> 0 | J6: =I6*2*normuren!$B$26 -> 0 | K6: =IF(G6<3,normuren!$B$8,IF(AND(G6<6,G6>2),normuren!$B$9,IF(AND(G6<9,G6>5),normuren!$B$10,normuren!$B$11))) -> 15 | L6: =normuren!$B$28 -> 10 | M6: 20 | N6: =normuren!$B$29 -> 1.5 | O6: X | AE6: 1 | AG6: 1 | AW6: X | BG6: 1 | BJ6: 1 | BL6: =SUM(O6:BK6) -> 4 | BM6: =G6-BL6 -> -4 | BN6: =IF(BM6>0,"Problem","Oke") -> Oke
A7: PRO2003 | B7: Writing Project: "The Journal" | C7: UCM | D7: V. Lifriere | F7: =E7/12 -> 0 | G7: =ROUNDUP(F7,0) -> 0 | H7: =IF(G7=0,0,E7/G7) -> 0 | J7: =I7*2*normuren!$B$26 -> 0 | K7: =IF(G7<3,normuren!$B$8,IF(AND(G7<6,G7>2),normuren!$B$9,IF(AND(G7<9,G7>5),normuren!$B$10,normuren!$B$11))) -> 15 | L7: =normuren!$B$28 -> 10 | M7: 20 | N7: =normuren!$B$29 -> 1.5 | X7: X | AD7: 1 | AS7: NO | AW7: 1 | BB7: 1 | BC7: 1 | BI7: X | BL7: =SUM(O7:BK7) -> 4 | BM7: =G7-BL7 -> -4 | BN7: =IF(BM7>0,"Problem","Oke") -> Oke
A8: PRO2004 | B8: Project Academic Debate | C8: UCM | D8: C. Erkli | F8: =E8/12 -> 0 | G8: =ROUNDUP(F8,0) -> 0 | H8: =IF(G8=0,0,E8/G8) -> 0 | J8: =I8*2*normuren!$B$26 -> 0 | K8: =IF(G8<3,normuren!$B$8,IF(AND(G8<6,G8>2),normuren!$B$9,IF(AND(G8<9,G8>5),normuren!$B$10,normuren!$B$11))) -> 15 | L8: =normuren!$B$28 -> 10 | M8: 20 | N8: =normuren!$B$29 -> 1.5 | U8: 1 | X8: X | AO8: 1 | AR8: 1 | AW8: 1 | AZ8: ? | BB8: 1 | BG8: 1 | BI8: X | BL8: =SUM(O8:BK8) -> 6 | BM8: =G8-BL8 -> -6 | BN8: =IF(BM8>0,"Problem","Oke") -> Oke
A9: PRO2011 | B9: Project Deep Reading | C9: UCM | D9: K. Heidemann | F9: =E9/12 -> 0 | G9: =ROUNDUP(F9,0) -> 0 | H9: =IF(G9=0,0,E9/G9) -> 0 | J9: =I9*2*normuren!$B$26 -> 0 | K9: =IF(G9<3,normuren!$B$8,IF(AND(G9<6,G9>2),normuren!$B$9,IF(AND(G9<9,G9>5),normuren!$B$10,normuren!$B$11))) -> 15 | L9: =normuren!$B$28 -> 10 | M9: 20 | N9: =normuren!$B$29 -> 1.5 | Q9: 1 | S9: 1 | AP9: 1 | AR9: 1 | BC9: 1 | BL9: =SUM(O9:BK9) -> 5 | BM9: =G9-BL9 -> -5 | BN9: =IF(BM9>0,"Problem","Oke") -> Oke
A10: PRO2013 | B10: Project Design Thinking | C10: FASOS | D10: S. Schreibman | F10: =E10/12 -> 0 | G10: =ROUNDUP(F10,0) -> 0 | H10: =IF(G10=0,0,E10/G10) -> 0 | J10: =I10*2*normuren!$B$26 -> 0 | K10: =IF(G10<3,normuren!$B$8,IF(AND(G10<6,G10>2),normuren!$B$9,IF(AND(G10<9,G10>5),normuren!$B$10,normuren!$B$11))) -> 15 | L10: =normuren!$B$28 -> 10 | M10: 20 | N10: =normuren!$B$29 -> 1.5 | AA10: 1 | BL10: =SUM(O10:BK10) -> 1 | BM10: =G10-BL10 -> -1 | BN10: =IF(BM10>0,"Problem","Oke") -> Oke
A11: PRO3006 | B11: Conference | C11: UCM | D11: W. van Dellen | F11: =E11/12 -> 0 | G11: =ROUNDUP(F11,0) -> 0 | H11: =IF(G11=0,0,E11/G11) -> 0 | J11: =I11*2*normuren!$B$26 -> 0 | K11: =IF(G11<3,normuren!$B$8,IF(AND(G11<6,G11>2),normuren!$B$9,IF(AND(G11<9,G11>5),normuren!$B$10,normuren!$B$11))) -> 15 | L11: =normuren!$B$28 -> 10 | M11: 20 | N11: =normuren!$B$29 -> 1.5 | T11: 1 | BL11: =SUM(O11:BK11) -> 1 | BM11: =G11-BL11 -> -1 | BN11: =IF(BM11>0,"Problem","Oke") -> Oke
A12: PRO3008 | B12: Think Tank | C12: UCM | D12: W. van Dellen | F12: =E12/12 -> 0 | G12: =ROUNDUP(F12,0) -> 0 | H12: =IF(G12=0,0,E12/G12) -> 0 | J12: =I12*2*normuren!$B$26 -> 0 | K12: =IF(G12<3,normuren!$B$8,IF(AND(G12<6,G12>2),normuren!$B$9,IF(AND(G12<9,G12>5),normuren!$B$10,normuren!$B$11))) -> 15 | L12: =normuren!$B$28 -> 10 | M12: 20 | N12: =normuren!$B$29 -> 1.5 | O12: X | P12: X | S12: NO | T12: 1 | U12: 1 | AL12: 1 | BI12: X | BL12: =SUM(O12:BK12) -> 3 | BM12: =G12-BL12 -> -3 | BN12: =IF(BM12>0,"Problem","Oke") -> Oke
A13: PRO3009 | B13: Ethnography and Qualitative Interviewing III | C13: UCM | D13: U. Müller | F13: =E13/12 -> 0 | G13: =ROUNDUP(F13,0) -> 0 | H13: =IF(G13=0,0,E13/G13) -> 0 | J13: =I13*2*normuren!$B$26 -> 0 | K13: =IF(G13<3,normuren!$B$8,IF(AND(G13<6,G13>2),normuren!$B$9,IF(AND(G13<9,G13>5),normuren!$B$10,normuren!$B$11))) -> 15 | L13: =normuren!$B$28 -> 10 | M13: 20 | N13: =normuren!$B$29 -> 1.5 | AH13: 2 | BJ13: 1 | BL13: =SUM(O13:BK13) -> 3 | BM13: =G13-BL13 -> -3 | BN13: =IF(BM13>0,"Problem","Oke") -> Oke
A14: PRO3014 | B14: Science Research Project: Biomedical Engineering | C14: FHML | D14: A. van Apeldoorn | F14: =E14/12 -> 0 | G14: =ROUNDUP(F14,0) -> 0 | H14: =IF(G14=0,0,E14/G14) -> 0 | J14: =I14*2*normuren!$B$26 -> 0 | K14: =IF(G14<3,normuren!$B$8,IF(AND(G14<6,G14>2),normuren!$B$9,IF(AND(G14<9,G14>5),normuren!$B$10,normuren!$B$11))) -> 15 | L14: =normuren!$B$28 -> 10 | M14: 20 | N14: =normuren!$B$29 -> 1.5 | BL14: =SUM(O14:BK14) -> 0 | BM14: =G14-BL14 -> 0 | BN14: =IF(BM14>0,"Problem","Oke") -> Oke
A15: PRO3015 | B15: Research Studio, where art and academia meet | C15: UCM | D15: I. Römgens | F15: =E15/12 -> 0 | G15: =ROUNDUP(F15,0) -> 0 | H15: =IF(G15=0,0,E15/G15) -> 0 | J15: =I15*2*normuren!$B$26 -> 0 | K15: =IF(G15<3,normuren!$B$8,IF(AND(G15<6,G15>2),normuren!$B$9,IF(AND(G15<9,G15>5),normuren!$B$10,normuren!$B$11))) -> 15 | L15: =normuren!$B$28 -> 10 | M15: 20 | N15: =normuren!$B$29 -> 1.5 | AL15: 1 | BL15: =SUM(O15:BK15) -> 1 | BM15: =G15-BL15 -> -1 | BN15: =IF(BM15>0,"Problem","Oke") -> Oke
A16: PRO3018 | B16: Internationally Taught Project (registration via Form in MYUCM) | C16: UCM | D16: M. Stout | F16: =E16/12 -> 0 | G16: =ROUNDUP(F16,0) -> 0 | H16: =IF(G16=0,0,E16/G16) -> 0 | J16: =I16*2*normuren!$B$26 -> 0 | K16: =IF(G16<3,normuren!$B$8,IF(AND(G16<6,G16>2),normuren!$B$9,IF(AND(G16<9,G16>5),normuren!$B$10,normuren!$B$11))) -> 15 | L16: =normuren!$B$28 -> 10 | M16: 20 | N16: =normuren!$B$29 -> 1.5 | BL16: =SUM(O16:BK16) -> 0 | BM16: =G16-BL16 -> 0 | BN16: =IF(BM16>0,"Problem","Oke") -> Oke
A17: PRO3019 | B17: Applied Ethics: Ethical decision-making in public life, research programs, and professional practices | C17: UCM | D17: J. Welie | F17: =E17/12 -> 0 | G17: =ROUNDUP(F17,0) -> 0 | H17: =IF(G17=0,0,E17/G17) -> 0 | J17: =I17*2*normuren!$B$26 -> 0 | K17: =IF(G17<3,normuren!$B$8,IF(AND(G17<6,G17>2),normuren!$B$9,IF(AND(G17<9,G17>5),normuren!$B$10,normuren!$B$11))) -> 15 | L17: =normuren!$B$28 -> 10 | M17: 20 | N17: =normuren!$B$29 -> 1.5 | O17: X | AR17: 2 | BB17: X | BL17: =SUM(O17:BK17) -> 2 | BM17: =G17-BL17 -> -2 | BN17: =IF(BM17>0,"Problem","Oke") -> Oke
A18: UGR3001 | B18: MaRBLe Undergraduate Research | C18: UCM | D18: J. Moes / U. Müller | F18: =E18/12 -> 0 | G18: =ROUNDUP(F18,0) -> 0 | H18: =IF(G18=0,0,E18/G18) -> 0 | AM18: X | BL18: =SUM(O18:BK18) -> 0 | BM18: =G18-BL18 -> 0 | BN18: =IF(BM18>0,"Problem","Oke") -> Oke
A19: UGR3003 | B19: Applied Research & Internship Project | C19: UCM | D19: I. Römgens | F19: =E19/12 -> 0 | G19: =ROUNDUP(F19,0) -> 0 | H19: =IF(G19=0,0,E19/G19) -> 0 | AG19: X | AK19: X | BL19: =SUM(O19:BK19) -> 0 | BM19: =G19-BL19 -> 0 | BN19: =IF(BM19>0,"Problem","Oke") -> Oke
A21: Tutorgroups | G21: =SUM(G4:G20) -> 0 | O21: =SUM(O3:O18) -> 0 | P21: =SUM(P3:P18) -> 0 | Q21: =SUM(Q3:Q18) -> 1 | R21: =SUM(R3:R18) -> 0 | S21: =SUM(S3:S18) -> 1 | T21: =SUM(T3:T18) -> 2 | U21: =SUM(U3:U18) -> 2 | V21: =SUM(V3:V18) -> 1 | ... AU21: =SUM(AU3:AU18) -> 3 | AX21: =SUM(AX3:AX18) -> 0 | BA21: =SUM(BA3:BA18) -> 0 | BB21: =SUM(BB3:BB18) -> 2 | BG21: =SUM(BG3:BG18) -> 2 | BH21: =SUM(BH3:BH18) -> 0 | BK21: =SUM(BK3:BK18) -> 0 | BL21: =SUM(BL3:BL18) -> 37 | BM21: =SUM(BM3:BM18) -> -37
A22: Tutorhours | O22: =SUM(O4:O20) -> 0 | P22: =SUM(P4:P20) -> 0 | Q22: =SUM(Q4:Q20) -> 1 | R22: =SUM(R4:R20) -> 0 | S22: =SUM(S4:S20) -> 1 | T22: =SUM(T4:T20) -> 2 | U22: =SUM(U4:U20) -> 2 | V22: =SUM(V4:V20) -> 1 | ... AU22: =SUM(AU4:AU20) -> 3 | AX22: =SUM(AX4:AX20) -> 0 | BA22: =SUM(BA4:BA20) -> 0 | BB22: =SUM(BB4:BB20) -> 2 | BG22: =SUM(BG4:BG20) -> 2 | BH22: =SUM(BH4:BH20) -> 0 | BK22: =SUM(BK4:BK20) -> 0 | BL22: =SUMPRODUCT($L$3:$L$47,BL3:BL18) -> #VALUE!
A23: Correction | O23: =SUM(O5:O21) -> 0 | P23: =SUM(P5:P21) -> 0 | Q23: =SUM(Q5:Q21) -> 2 | R23: =SUM(R5:R21) -> 0 | S23: =SUM(S5:S21) -> 2 | T23: =SUM(T5:T21) -> 4 | U23: =SUM(U5:U21) -> 4 | V23: =SUM(V5:V21) -> 2 | ... AU23: =SUM(AU5:AU21) -> 6 | AX23: =SUM(AX5:AX21) -> 0 | BA23: =SUM(BA5:BA21) -> 0 | BB23: =SUM(BB5:BB21) -> 4 | BG23: =SUM(BG5:BG21) -> 4 | BH23: =SUM(BH5:BH21) -> 0 | BK23: =SUM(BK5:BK21) -> 0 | BL23: =SUMPRODUCT($H$3:$H$47,$N$3:$N$47,BL3:BL18) -> #VALUE!
A24: Coordination | O24: =SUM(O6:O22) -> 0 | P24: =SUM(P6:P22) -> 0 | Q24: =SUM(Q6:Q22) -> 3 | R24: =SUM(R6:R22) -> 0 | S24: =SUM(S6:S22) -> 3 | T24: =SUM(T6:T22) -> 6 | U24: =SUM(U6:U22) -> 6 | V24: =SUM(V6:V22) -> 2 | ... AU24: =SUM(AU6:AU22) -> 6 | AX24: =SUM(AX6:AX22) -> 0 | BA24: =SUM(BA6:BA22) -> 0 | BB24: =SUM(BB6:BB22) -> 6 | BG24: =SUM(BG6:BG22) -> 6 | BH24: =SUM(BH6:BH22) -> 0 | BK24: =SUM(BK6:BK22) -> 0 | BL24: =DSUM($D$2:$BL$47,$K$2,BL30:BL31) -> 0
A25: Total Teaching Hours per Period | O25: =SUM(O7:O23) -> 0 | P25: =SUM(P7:P23) -> 0 | Q25: =SUM(Q7:Q23) -> 5 | R25: =SUM(R7:R23) -> 0 | S25: =SUM(S7:S23) -> 5 | T25: =SUM(T7:T23) -> 10 | U25: =SUM(U7:U23) -> 10 | V25: =SUM(V7:V23) -> 4 | ... AU25: =SUM(AU7:AU23) -> 12 | AX25: =SUM(AX7:AX23) -> 0 | BA25: =SUM(BA7:BA23) -> 0 | BB25: =SUM(BB7:BB23) -> 10 | BG25: =SUM(BG7:BG23) -> 9 | BH25: =SUM(BH7:BH23) -> 0 | BK25: =SUM(BK7:BK23) -> 0 | BL25: =SUM(BL22:BL24) -> #VALUE!
A26: Total Teaching Hours per Week | O26: =SUM(O8:O24) -> 0 | P26: =SUM(P8:P24) -> 0 | Q26: =SUM(Q8:Q24) -> 8 | R26: =SUM(R8:R24) -> 0 | S26: =SUM(S8:S24) -> 8 | T26: =SUM(T8:T24) -> 16 | U26: =SUM(U8:U24) -> 16 | V26: =SUM(V8:V24) -> 6 | ... AU26: =SUM(AU8:AU24) -> 18 | AX26: =SUM(AX8:AX24) -> 0 | BA26: =SUM(BA8:BA24) -> 0 | BB26: =SUM(BB8:BB24) -> 15 | BG26: =SUM(BG8:BG24) -> 15 | BH26: =SUM(BH8:BH24) -> 0 | BK26: =SUM(BK8:BK24) -> 0
A27: Fixed Role Hours per Week | O27: =SUM(O9:O25) -> 0 | P27: =SUM(P9:P25) -> 0 | Q27: =SUM(Q9:Q25) -> 13 | R27: =SUM(R9:R25) -> 0 | S27: =SUM(S9:S25) -> 13 | T27: =SUM(T9:T25) -> 26 | U27: =SUM(U9:U25) -> 25 | V27: =SUM(V9:V25) -> 10 | ... AU27: =SUM(AU9:AU25) -> 30 | AX27: =SUM(AX9:AX25) -> 0 | BA27: =SUM(BA9:BA25) -> 0 | BB27: =SUM(BB9:BB25) -> 24 | BG27: =SUM(BG9:BG25) -> 23 | BH27: =SUM(BH9:BH25) -> 0 | BK27: =SUM(BK9:BK25) -> 0
A28: Contract Hours per Week | O28: =SUM(O10:O26) -> 0 | P28: =SUM(P10:P26) -> 0 | Q28: =SUM(Q10:Q26) -> 20 | R28: =SUM(R10:R26) -> 0 | S28: =SUM(S10:S26) -> 20 | T28: =SUM(T10:T26) -> 42 | U28: =SUM(U10:U26) -> 41 | V28: =SUM(V10:V26) -> 16 | ... AU28: =SUM(AU10:AU26) -> 48 | AX28: =SUM(AX10:AX26) -> 0 | BA28: =SUM(BA10:BA26) -> 0 | BB28: =SUM(BB10:BB26) -> 39 | BG28: =SUM(BG10:BG26) -> 38 | BH28: =SUM(BH10:BH26) -> 0 | BK28: =SUM(BK10:BK26) -> 0
A29: Hours Remaining per Week | O29: =SUM(O11:O27) -> 0 | P29: =SUM(P11:P27) -> 0 | Q29: =SUM(Q11:Q27) -> 33 | R29: =SUM(R11:R27) -> 0 | S29: =SUM(S11:S27) -> 33 | T29: =SUM(T11:T27) -> 68 | U29: =SUM(U11:U27) -> 66 | V29: =SUM(V11:V27) -> 26 | ... AU29: =SUM(AU11:AU27) -> 78 | AX29: =SUM(AX11:AX27) -> 0 | BA29: =SUM(BA11:BA27) -> 0 | BB29: =SUM(BB11:BB27) -> 63 | BG29: =SUM(BG11:BG27) -> 61 | BH29: =SUM(BH11:BH27) -> 0 | BK29: =SUM(BK11:BK27) -> 0
O30: CO | P30: =P2 -> Lbe | Q30: =Q2 -> LB | R30: =R2 -> Sca | S30: =S2 -> TD | T30: =T2 -> WvD | U30: =U2 -> CE | V30: =V2 -> AF | W30: =W2 -> WG | ... AT30: =AT2 -> CYPL | AU30: CO | AX30: CO | BA30: CO | BB30: CO | BG30: CO | BH30: CO | BK30: CO | BL30: CO
O31: =O2 -> FAC | P31: =P2 -> Lbe | Q31: =Q2 -> LB | R31: =R2 -> Sca | S31: =S2 -> TD | T31: =T2 -> WvD | U31: =U2 -> CE | V31: =V2 -> AF | ... AU31: =AU2 -> JB/OBP | AX31: =AX2 -> XT/D4 | BA31: =BA2 -> CG/D4 | BB31: =#REF! -> #REF! | BG31: =BG2 -> WS/D4 | BH31: =BH2 -> KK/D4 | BK31: =BK2 -> JvZ/D4 | BL31: =BL2 -> Total
A35: UCM
A36: No Teaching
A37: Teaching preference

Sheet PERIOD 4
A1: PERIOD 4 | K1: Hours | AU1: Junior Lecturers (D4) & OBP
A2: CODE | B2: COURSE TITLE | C2: Faculty | D2: COORDINATOR | E2: NR | F2: TG | G2: TG | H2: ST/TG | I2: Lect | J2: lect | K2: Coor | L2: per TG regular staff | M2: Per TG 1st Year JTF | N2: Per ST | O2: FAC | P2: Lbe | Q2: LB | R2: Sca | S2: TD | T2: WvD | U2: CE | V2: AF | W2: WG | X2: TG | Y2: RH | Z2: CH | AA2: KH | AB2: MH | AC2: MK | AD2: VL | AE2: EM | AF2: DM | AG2: JM | AH2: UM | AI2: AO | AJ2: JvP | AK2: CR | AL2: IR | AM2: JS | AN2: BS | AO2: MS | AP2: PV | AQ2: DV | AR2: JW | AS2: AW | AT2: CYPL | AU2: JB/OBP | AV2: SB/D4 | AW2: CC/OBP | AX2: XT/D4 | AY2: RvE/D4 | AZ2: ZE/ OBP | BA2: CG/D4 | BB2: JH/D4 | BC2: WH/D4 | BD2: JvL/D4 | BE2: IM/D4 | BF2: APT/D4 | BG2: WS/D4 | BH2: KK/D4 | BI2: MM/D4 | BJ2: JvZ/D4 | BK2: Total | BL2: Problem
A4: CAP3000 | B4: Capstone | C4: UCM | D4: J. Moes / E. Maegherman | F4: =E4/12 -> 0 | G4: =ROUNDUP(F4,0) -> 0 | H4: =IF(G4=0,0,E4/G4) -> 0 | R4: 1 | V4: 1 | X4: x | Y4: ? | AA4: 1 | AE4: X | AG4: X | AK4: 1 | AP4: X | AR4: X | AS4: X | AT4: 1
A5: COR1003 | B5: Contemporary World History | C5: UCM | D5: M. Stout | F5: =E5/12 -> 0 | G5: =ROUNDUP(F5,0) -> 0 | H5: =IF(G5=0,0,E5/G5) -> 0 | J5: =I5*2*normuren!$B$26 -> 0 | K5: =IF(G5<3,normuren!$B$8,IF(AND(G5<6,G5>2),normuren!$B$9,IF(AND(G5<9,G5>5),normuren!$B$10,normuren!$B$11))) -> 15 | L5: =normuren!$B$24*2*12 -> 36 | M5: =normuren!$B$25*2*12 -> 45.6 | N5: =normuren!$B$29 -> 1.5 | V5: NO | AO5: 2 | AZ5: X | BI5: NO | BK5: =SUM(O5:BJ5) -> 2 | BL5: =G5-BK5 -> -2 | BM5: =IF(BL5>0,"Problem","Oke") -> Oke | BN5: FP; zeta/ceren
A6: COR1006 | B6: Science, Reason and Human Progress | C6: UCM | D6: M. Heins | F6: =E6/12 -> 0 | G6: =ROUNDUP(F6,0) -> 0 | H6: =IF(G6=0,0,E6/G6) -> 0 | J6: =I6*2*normuren!$B$26 -> 0 | K6: =IF(G6<3,normuren!$B$8,IF(AND(G6<6,G6>2),normuren!$B$9,IF(AND(G6<9,G6>5),normuren!$B$10,normuren!$B$11))) -> 15 | L6: =normuren!$B$24*2*12 -> 36 | M6: =normuren!$B$25*2*12 -> 45.6 | N6: =normuren!$B$29 -> 1.5 | O6: X | X6: X | AU6: 3 | AX6: 3 | BA6: X | BB6: 3 | BD6: NO | BI6: X | BK6: =SUM(O6:BJ6) -> 9 | BL6: =G6-BK6 -> -9 | BM6: =IF(BL6>0,"Problem","Oke") -> Oke
A7: HUM1003 | B7: Cultural Studies I: Doing Cultural Studies | C7: FASOS | D7: C. Höne | F7: =E7/12 -> 0 | G7: =ROUNDUP(F7,0) -> 0 | H7: =IF(G7=0,0,E7/G7) -> 0 | J7: =I7*2*normuren!$B$26 -> 0 | K7: =IF(G7<3,normuren!$B$8,IF(AND(G7<6,G7>2),normuren!$B$9,IF(AND(G7<9,G7>5),normuren!$B$10,normuren!$B$11))) -> 15 | L7: =normuren!$B$24*2*12 -> 36 | M7: =normuren!$B$25*2*12 -> 45.6 | N7: =normuren!$B$29 -> 1.5 | O7: X | BK7: =SUM(O7:BJ7) -> 0 | BL7: =G7-BK7 -> 0 | BM7: =IF(BL7>0,"Problem","Oke") -> Oke
A8: HUM1014 | B8: Great Novels 1850 - Present | C8: FASOS | D8: J. Weusten | F8: =E8/12 -> 0 | G8: =ROUNDUP(F8,0) -> 0 | H8: =IF(G8=0,0,E8/G8) -> 0 | J8: =I8*2*normuren!$B$26 -> 0 | K8: =IF(G8<3,normuren!$B$8,IF(AND(G8<6,G8>2),normuren!$B$9,IF(AND(G8<9,G8>5),normuren!$B$10,normuren!$B$11))) -> 15 | L8: =normuren!$B$24*2*12 -> 36 | M8: =normuren!$B$25*2*12 -> 45.6 | N8: =normuren!$B$29 -> 1.5 | BK8: =SUM(O8:BJ8) -> 0 | BL8: =G8-BK8 -> 0 | BM8: =IF(BL8>0,"Problem","Oke") -> Oke
A9: HUM2016 | B9: Heritage Studies: Preserving Our Natural and Cultural Pasts (and Futures) | C9: UCM | D9: C. Rausch | F9: =E9/12 -> 0 | G9: =ROUNDUP(F9,0) -> 0 | H9: =IF(G9=0,0,E9/G9) -> 0 | J9: =I9*2*normuren!$B$26 -> 0 | K9: =IF(G9<3,normuren!$B$8,IF(AND(G9<6,G9>2),normuren!$B$9,IF(AND(G9<9,G9>5),normuren!$B$10,normuren!$B$11))) -> 15 | L9: =normuren!$B$24*2*12 -> 36 | M9: =normuren!$B$25*2*12 -> 45.6 | N9: =normuren!$B$29 -> 1.5 | AK9: 2 | BD9: 2 | BK9: =SUM(O9:BJ9) -> 4 | BL9: =G9-BK9 -> -4 | BM9: =IF(BL9>0,"Problem","Oke") -> Oke
A10: HUM2018 | B10: Cultural Diversity in a Globalizing World | C10: FASOS | D10: Liang-Kai Yu | F10: =E10/12 -> 0 | G10: =ROUNDUP(F10,0) -> 0 | H10: =IF(G10=0,0,E10/G10) -> 0 | J10: =I10*2*normuren!$B$26 -> 0 | K10: =IF(G10<3,normuren!$B$8,IF(AND(G10<6,G10>2),normuren!$B$9,IF(AND(G10<9,G10>5),normuren!$B$10,normuren!$B$11))) -> 15 | L10: =normuren!$B$24*2*12 -> 36 | M10: =normuren!$B$25*2*12 -> 45.6 | N10: =normuren!$B$29 -> 1.5 | BK10: =SUM(O10:BJ10) -> 0 | BL10: =G10-BK10 -> 0 | BM10: =IF(BL10>0,"Problem","Oke") -> Oke
A11: HUM2021 | B11: Medieval Civilization: Making the Middle Ages Relevant | C11: FASOS | D11: J. Roosen | F11: =E11/12 -> 0 | G11: =ROUNDUP(F11,0) -> 0 | H11: =IF(G11=0,0,E11/G11) -> 0 | J11: =I11*2*normuren!$B$26 -> 0 | K11: =IF(G11<3,normuren!$B$8,IF(AND(G11<6,G11>2),normuren!$B$9,IF(AND(G11<9,G11>5),normuren!$B$10,normuren!$B$11))) -> 15 | L11: =normuren!$B$24*2*12 -> 36 | M11: =normuren!$B$25*2*12 -> 45.6 | N11: =normuren!$B$29 -> 1.5 | BK11: =SUM(O11:BJ11) -> 0 | BL11: =G11-BK11 -> 0 | BM11: =IF(BL11>0,"Problem","Oke") -> Oke
A12: HUM2047 | B12: The Future of Literature | C12: FASOS | D12: J. de Roder | F12: =E12/12 -> 0 | G12: =ROUNDUP(F12,0) -> 0 | H12: =IF(G12=0,0,E12/G12) -> 0 | J12: =I12*2*normuren!$B$26 -> 0 | K12: =IF(G12<3,normuren!$B$8,IF(AND(G12<6,G12>2),normuren!$B$9,IF(AND(G12<9,G12>5),normuren!$B$10,normuren!$B$11))) -> 15 | L12: =normuren!$B$24*2*12 -> 36 | M12: =normuren!$B$25*2*12 -> 45.6 | N12: =normuren!$B$29 -> 1.5 | BK12: =SUM(O12:BJ12) -> 0 | BL12: =G12-BK12 -> 0 | BM12: =IF(BL12>0,"Problem","Oke") -> Oke
A13: HUM2051 | B13: Philosophical Ethics | C13: FASOS | D13: K. Gabriels | F13: =E13/12 -> 0 | G13: =ROUNDUP(F13,0) -> 0 | H13: =IF(G13=0,0,E13/G13) -> 0 | J13: =I13*2*normuren!$B$26 -> 0 | K13: =IF(G13<3,normuren!$B$8,IF(AND(G13<6,G13>2),normuren!$B$9,IF(AND(G13<9,G13>5),normuren!$B$10,normuren!$B$11))) -> 15 | L13: =normuren!$B$24*2*12 -> 36 | M13: =normuren!$B$25*2*12 -> 45.6 | N13: =normuren!$B$29 -> 1.5 | O13: X | BK13: =SUM(O13:BJ13) -> 0 | BL13: =G13-BK13 -> 0 | BM13: =IF(BL13>0,"Problem","Oke") -> Oke
A14: HUM2054 | B14: Back to the Philosophers Themselves! | C14: FASOS | D14: M. Doorman / S. Withaecks | F14: =E14/12 -> 0 | G14: =ROUNDUP(F14,0) -> 0 | H14: =IF(G14=0,0,E14/G14) -> 0 | J14: =I14*2*normuren!$B$26 -> 0 | K14: =IF(G14<3,normuren!$B$8,IF(AND(G14<6,G14>2),normuren!$B$9,IF(AND(G14<9,G14>5),normuren!$B$10,normuren!$B$11))) -> 15 | L14: =normuren!$B$24*2*12 -> 36 | M14: =normuren!$B$25*2*12 -> 45.6 | N14: =normuren!$B$29 -> 1.5 | BK14: =SUM(O14:BJ14) -> 0 | BL14: =G14-BK14 -> 0 | BM14: =IF(BL14>0,"Problem","Oke") -> Oke
A15: HUM3019 | B15: Totalitarian Temptation | C15: FASOS | D15: F. Laczó | F15: =E15/12 -> 0 | G15: =ROUNDUP(F15,0) -> 0 | H15: =IF(G15=0,0,E15/G15) -> 0 | J15: =I15*2*normuren!$B$26 -> 0 | K15: =IF(G15<3,normuren!$B$8,IF(AND(G15<6,G15>2),normuren!$B$9,IF(AND(G15<9,G15>5),normuren!$B$10,normuren!$B$11))) -> 15 | L15: =normuren!$B$27 -> 20 | M15: 20 | N15: =normuren!$B$29 -> 1.5 | V15: NO | BK15: =SUM(O15:BJ15) -> 0 | BL15: =G15-BK15 -> 0 | BM15: =IF(BL15>0,"Problem","Oke") -> Oke
A16: HUM3029 | B16: Literature, Art and Psychology | C16: FASOS | D16: M. Kardaun | F16: =E16/12 -> 0 | G16: =ROUNDUP(F16,0) -> 0 | H16: =IF(G16=0,0,E16/G16) -> 0 | J16: =I16*2*normuren!$B$26 -> 0 | K16: =IF(G16<3,normuren!$B$8,IF(AND(G16<6,G16>2),normuren!$B$9,IF(AND(G16<9,G16>5),normuren!$B$10,normuren!$B$11))) -> 15 | L16: =normuren!$B$27 -> 20 | M16: 20 | N16: =normuren!$B$29 -> 1.5 | BK16: =SUM(O16:BJ16) -> 0 | BL16: =G16-BK16 -> 0 | BM16: =IF(BL16>0,"Problem","Oke") -> Oke
A17: HUM3044 | B17: Philosophy of Language | C17: FASOS | D17: R. Gabriels | F17: =E17/12 -> 0 | G17: =ROUNDUP(F17,0) -> 0 | H17: =IF(G17=0,0,E17/G17) -> 0 | J17: =I17*2*normuren!$B$26 -> 0 | K17: =IF(G17<3,normuren!$B$8,IF(AND(G17<6,G17>2),normuren!$B$9,IF(AND(G17<9,G17>5),normuren!$B$10,normuren!$B$11))) -> 15 | L17: =normuren!$B$27 -> 20 | M17: 20 | N17: =normuren!$B$29 -> 1.5 | BK17: =SUM(O17:BJ17) -> 0 | BL17: =G17-BK17 -> 0 | BM17: =IF(BL17>0,"Problem","Oke") -> Oke
A18: HUM3051 | B18: Medical Humanities | C18: FHML | D18: M. Brancaccio | F18: =E18/12 -> 0 | G18: =ROUNDUP(F18,0) -> 0 | H18: =IF(G18=0,0,E18/G18) -> 0 | J18: =I18*2*normuren!$B$26 -> 0 | K18: =IF(G18<3,normuren!$B$8,IF(AND(G18<6,G18>2),normuren!$B$9,IF(AND(G18<9,G18>5),normuren!$B$10,normuren!$B$11))) -> 15 | L18: =normuren!$B$27 -> 20 | M18: 20 | N18: =normuren!$B$29 -> 1.5 | BK18: =SUM(O18:BJ18) -> 0 | BL18: =G18-BK18 -> 0 | BM18: =IF(BL18>0,"Problem","Oke") -> Oke
A19: SCI1001 | B19: Theory Construction and Modelling Techniques | C19: UCM | D19: L. Bevers | F19: =$E19/12 -> 0 | G19: =ROUNDUP(F19,0) -> 0 | H19: =IF(G19=0,0,E19/G19) -> 0 | J19: =I19*2*normuren!$B$26 -> 0 | K19: =IF(G19<3,normuren!$B$8,IF(AND(G19<6,G19>2),normuren!$B$9,IF(AND(G19<9,G19>5),normuren!$B$10,normuren!$B$11))) -> 15 | L19: =normuren!$B$27 -> 20 | M19: 20 | N19: =normuren!$B$29 -> 1.5 | O19: X | P19: 1 | BK19: =SUM(O19:BJ19) -> 1 | BL19: =G19-BK19 -> -1 | BM19: =IF(BL19>0,"Problem","Oke") -> Oke
A20: SCI2010 | B20: Introduction to Game Theory | C20: DKE | D20: G. Schoenmakers | F20: =E20/12 -> 0 | G20: =ROUNDUP(F20,0) -> 0 | H20: =IF(G20=0,0,E20/G20) -> 0 | J20: =I20*2*normuren!$B$26 -> 0 | K20: =IF(G20<3,normuren!$B$8,IF(AND(G20<6,G20>2),normuren!$B$9,IF(AND(G20<9,G20>5),normuren!$B$10,normuren!$B$11))) -> 15 | L20: =normuren!$B$24*2*12 -> 36 | M20: =normuren!$B$25*2*12 -> 45.6 | N20: =normuren!$B$29 -> 1.5 | O20: X | BK20: =SUM(O20:BJ20) -> 0 | BL20: =G20-BK20 -> 0 | BM20: =IF(BL20>0,"Problem","Oke") -> Oke
A21: SCI2017 | B21: Organic Chemistry | C21: DKE | D21: H. Diliën | F21: =E21/12 -> 0 | G21: =ROUNDUP(F21,0) -> 0 | H21: =IF(G21=0,0,E21/G21) -> 0 | J21: =I21*2*normuren!$B$26 -> 0 | K21: =IF(G21<3,normuren!$B$8,IF(AND(G21<6,G21>2),normuren!$B$9,IF(AND(G21<9,G21>5),normuren!$B$10,normuren!$B$11))) -> 15 | L21: =normuren!$B$24*2*12 -> 36 | M21: =normuren!$B$25*2*12 -> 45.6 | N21: =normuren!$B$29 -> 1.5 | O21: X | BK21: =SUM(O21:BJ21) -> 0 | BL21: =G21-BK21 -> 0 | BM21: =IF(BL21>0,"Problem","Oke") -> Oke
A22: SCI2031 | B22: Immunology I | C22: FHML | D22: K. Wouters / B. Scmitz | F22: =E22/12 -> 0 | G22: =ROUNDUP(F22,0) -> 0 | H22: =IF(G22=0,0,E22/G22) -> 0 | J22: =I22*2*normuren!$B$26 -> 0 | K22: =IF(G22<3,normuren!$B$8,IF(AND(G22<6,G22>2),normuren!$B$9,IF(AND(G22<9,G22>5),normuren!$B$10,normuren!$B$11))) -> 15 | L22: =normuren!$B$24*2*12 -> 36 | M22: =normuren!$B$25*2*12 -> 45.6 | N22: =normuren!$B$29 -> 1.5 | BK22: =SUM(O22:BJ22) -> 0 | BL22: =G22-BK22 -> 0 | BM22: =IF(BL22>0,"Problem","Oke") -> Oke
A23: SCI2033 | B23: Datamining | C23: DKE | D23: E. Smirnov | F23: =E23/12 -> 0 | G23: =ROUNDUP(F23,0) -> 0 | H23: =IF(G23=0,0,E23/G23) -> 0 | J23: =I23*2*normuren!$B$26 -> 0 | K23: =IF(G23<3,normuren!$B$8,IF(AND(G23<6,G23>2),normuren!$B$9,IF(AND(G23<9,G23>5),normuren!$B$10,normuren!$B$11))) -> 15 | L23: =normuren!$B$24*2*12 -> 36 | M23: =normuren!$B$25*2*12 -> 45.6 | N23: =normuren!$B$29 -> 1.5 | BK23: =SUM(O23:BJ23) -> 0 | BL23: =G23-BK23 -> 0 | BM23: =IF(BL23>0,"Problem","Oke") -> Oke
A24: SCI2037 | B24: Cell Biology | C24: FHML | D24: J. Vanoevelen / J. Broers | F24: =E24/12 -> 0 | G24: =ROUNDUP(F24,0) -> 0 | H24: =IF(G24=0,0,E24/G24) -> 0 | J24: =I24*2*normuren!$B$26 -> 0 | K24: =IF(G24<3,normuren!$B$8,IF(AND(G24<6,G24>2),normuren!$B$9,IF(AND(G24<9,G24>5),normuren!$B$10,normuren!$B$11))) -> 15 | L24: =normuren!$B$24*2*12 -> 36 | M24: =normuren!$B$25*2*12 -> 45.6 | N24: =normuren!$B$29 -> 1.5 | AN24: X | BK24: =SUM(O24:BJ24) -> 0 | BL24: =G24-BK24 -> 0 | BM24: =IF(BL24>0,"Problem","Oke") -> Oke
A25: SCI2040 | B25: Microbiology | C25: UMC+ | D25: L, van Alphen | F25: =E25/12 -> 0 | G25: =ROUNDUP(F25,0) -> 0 | H25: =IF(G25=0,0,E25/G25) -> 0 | J25: =I25*2*normuren!$B$26 -> 0 | K25: =IF(G25<3,normuren!$B$8,IF(AND(G25<6,G25>2),normuren!$B$9,IF(AND(G25<9,G25>5),normuren!$B$10,normuren!$B$11))) -> 15 | L25: =normuren!$B$24*2*12 -> 36 | M25: =normuren!$B$25*2*12 -> 45.6 | N25: =normuren!$B$29 -> 1.5 | BK25: =SUM(O25:BJ25) -> 0 | BL25: =G25-BK25 -> 0 | BM25: =IF(BL25>0,"Problem","Oke") -> Oke
A26: SCI2041 | B26: Climate Change | C26: MSI | D26: M. Huynen | F26: =E26/12 -> 0 | G26: =ROUNDUP(F26,0) -> 0 | H26: =IF(G26=0,0,E26/G26) -> 0 | J26: =I26*2*normuren!$B$26 -> 0 | K26: =IF(G26<3,normuren!$B$8,IF(AND(G26<6,G26>2),normuren!$B$9,IF(AND(G26<9,G26>5),normuren!$B$10,normuren!$B$11))) -> 15 | L26: =normuren!$B$24*2*12 -> 36 | M26: =normuren!$B$25*2*12 -> 45.6 | N26: =normuren!$B$29 -> 1.5 | O26: X | BK26: =SUM(O26:BJ26) -> 0 | BL26: =G26-BK26 -> 0 | BM26: =IF(BL26>0,"Problem","Oke") -> Oke
A27: SCI3006 | B27: Mathematical Modeling | C27: DKE | D27: Barbara Franci | F27: =E27/12 -> 0 | G27: =ROUNDUP(F27,0) -> 0 | H27: =IF(G27=0,0,E27/G27) -> 0 | J27: =I27*2*normuren!$B$26 -> 0 | K27: =IF(G27<3,normuren!$B$8,IF(AND(G27<6,G27>2),normuren!$B$9,IF(AND(G27<9,G27>5),normuren!$B$10,normuren!$B$11))) -> 15 | L27: =normuren!$B$24*2*12 -> 36 | M27: =normuren!$B$25*2*12 -> 45.6 | N27: =normuren!$B$29 -> 1.5 | BK27: =SUM(O27:BJ27) -> 0 | BL27: =G27-BK27 -> 0 | BM27: =IF(BL27>0,"Problem","Oke") -> Oke
A28: SKI1004 | B28: Research Methods I | C28: UCM | D28: J. Moes -> E. Maegherman | F28: =E28/12 -> 0 | G28: =ROUNDUP(F28,0) -> 0 | H28: =IF(G28=0,0,E28/G28) -> 0 | J28: =I28*2*normuren!$B$26 -> 0 | K28: =IF(G28<3,normuren!$B$8,IF(AND(G28<6,G28>2),normuren!$B$9,IF(AND(G28<9,G28>5),normuren!$B$10,normuren!$B$11))) -> 15 | L28: =normuren!$B$24*2*12 -> 36 | M28: =normuren!$B$25*2*12 -> 45.6 | N28: =normuren!$B$29 -> 1.5 | O28: X | AE28: 1 | AG28: 1 | AU28: 2 | AX28: 2 | BC28: 2 | BH28: 4 | BK28: =SUM(O28:BJ28) -> 12 | BL28: =G28-BK28 -> -12 | BM28: =IF(BL28>0,"Problem","Oke") -> Oke
A29: SKI1008 | B29: Introduction to Academic Skills I | C29: UCM | D29: A. Wellum / A. Foster | F29: =E29/12 -> 0 | G29: =ROUNDUP(F29,0) -> 0 | H29: =IF(G29=0,0,E29/G29) -> 0 | J29: =I29*2*normuren!$B$26 -> 0 | K29: =IF(G29<3,normuren!$B$8,IF(AND(G29<6,G29>2),normuren!$B$9,IF(AND(G29<9,G29>5),normuren!$B$10,normuren!$B$11))) -> 15 | L29: =normuren!$B$24*2*12 -> 36 | M29: =normuren!$B$25*2*12 -> 45.6 | N29: =normuren!$B$29 -> 1.5 | O29: X | V29: 2 | AC29: 2 | AS29: X | BD29: 3 | BK29: =SUM(O29:BJ29) -> 7 | BL29: =G29-BK29 -> -7 | BM29: =IF(BL29>0,"Problem","Oke") -> Oke
A30: SKI2005 | B30: Back to the Sources | C30: FASOS | D30: O. Melsted | F30: =E30/8 -> 0 | G30: =ROUNDUP(F30,0) -> 0 | H30: =IF(G30=0,0,E30/G30) -> 0 | J30: =I30*2*normuren!$B$26 -> 0 | K30: =IF(G30<3,normuren!$B$8,IF(AND(G30<6,G30>2),normuren!$B$9,IF(AND(G30<9,G30>5),normuren!$B$10,normuren!$B$11))) -> 15 | L30: =normuren!$B$24*2*12 -> 36 | M30: =normuren!$B$25*2*12 -> 45.6 | N30: =normuren!$B$29 -> 1.5 | BK30: =SUM(O30:BJ30) -> 0 | BL30: =G30-BK30 -> 0 | BM30: =IF(BL30>0,"Problem","Oke") -> Oke
A31: SKI2007 | B31: Presentation Skills | C31: UCM | D31: D. Vliegenthart | F31: =E31/12 -> 0 | G31: =ROUNDUP(F31,0) -> 0 | H31: =IF(G31=0,0,E31/G31) -> 0 | J31: =I31*2*normuren!$B$26 -> 0 | K31: =IF(G31<3,normuren!$B$8,IF(AND(G31<6,G31>2),normuren!$B$9,IF(AND(G31<9,G31>5),normuren!$B$10,normuren!$B$11))) -> 15 | L31: =normuren!$B$24*2*12 -> 36 | M31: =normuren!$B$25*2*12 -> 45.6 | N31: =normuren!$B$29 -> 1.5 | U31: X | AQ31: 2 | AZ31: X | BC31: 3 | BD31: X | BG31: X | BK31: =SUM(O31:BJ31) -> 5 | BL31: =G31-BK31 -> -5 | BM31: =IF(BL31>0,"Problem","Oke") -> Oke
A32: SKI2047 | B32: Gaining Racial Literacy | C32: UCM | D32: U. Müller | F32: =E32/12 -> 0 | G32: =ROUNDUP(F32,0) -> 0 | H32: =IF(G32=0,0,E32/G32) -> 0 | J32: =I32*2*normuren!$B$26 -> 0 | K32: =IF(G32<3,normuren!$B$8,IF(AND(G32<6,G32>2),normuren!$B$9,IF(AND(G32<9,G32>5),normuren!$B$10,normuren!$B$11))) -> 15 | L32: =normuren!$B$24*2*12 -> 36 | M32: =normuren!$B$25*2*12 -> 45.6 | N32: =normuren!$B$29 -> 1.5 | AH32: All TG's | BK32: =SUM(O32:BJ32) -> 0 | BL32: =G32-BK32 -> 0 | BM32: =IF(BL32>0,"Problem","Oke") -> Oke
A33: SKI2049 | B33: Argumentation I | C33: UCM | D33: W. Giernalczyk | F33: =E33/12 -> 0 | G33: =ROUNDUP(F33,0) -> 0 | H33: =IF(G33=0,0,E33/G33) -> 0 | J33: =I33*2*normuren!$B$26 -> 0 | K33: =IF(G33<3,normuren!$B$8,IF(AND(G33<6,G33>2),normuren!$B$9,IF(AND(G33<9,G33>5),normuren!$B$10,normuren!$B$11))) -> 15 | L33: =normuren!$B$24*2*12 -> 36 | M33: =normuren!$B$25*2*12 -> 45.6 | N33: =normuren!$B$29 -> 1.5 | O33: X | BB33: 1 | BK33: =SUM(O33:BJ33) -> 1 | BL33: =G33-BK33 -> -1 | BM33: =IF(BL33>0,"Problem","Oke") -> Oke
A34: SKI2077 | B34: Lab Skills: Cell Biology | C34: FHML | D34: J. Broers | F34: =E34/12 -> 0 | G34: =ROUNDUP(F34,0) -> 0 | H34: =IF(G34=0,0,E34/G34) -> 0 | J34: =I34*2*normuren!$B$26 -> 0 | K34: =IF(G34<3,normuren!$B$8,IF(AND(G34<6,G34>2),normuren!$B$9,IF(AND(G34<9,G34>5),normuren!$B$10,normuren!$B$11))) -> 15 | L34: =normuren!$B$24*2*12 -> 36 | M34: =normuren!$B$25*2*12 -> 45.6 | N34: =normuren!$B$29 -> 1.5 | BK34: =SUM(O34:BJ34) -> 0 | BL34: =G34-BK34 -> 0 | BM34: =IF(BL34>0,"Problem","Oke") -> Oke
A35: SKI3010 | B35: Evidence Synthesis 1: Study Designs in Systematic Reviewing | C35: FHML | D35: M. Zeegers | F35: =E35/12 -> 0 | G35: =ROUNDUP(F35,0) -> 0 | H35: =IF(G35=0,0,E35/G35) -> 0 | J35: =I35*2*normuren!$B$26 -> 0 | K35: =IF(G35<3,normuren!$B$8,IF(AND(G35<6,G35>2),normuren!$B$9,IF(AND(G35<9,G35>5),normuren!$B$10,normuren!$B$11))) -> 15 | L35: =normuren!$B$24*2*12 -> 36 | M35: =normuren!$B$25*2*12 -> 45.6 | N35: =normuren!$B$29 -> 1.5 | BK35: =SUM(O35:BJ35) -> 0 | BL35: =G35-BK35 -> 0 | BM35: =IF(BL35>0,"Problem","Oke") -> Oke
A36: SSC1005 | B36: Introduction to Psychology | C36: FPN | D36: N. Harutyunyan | F36: =E36/12 -> 0 | G36: =ROUNDUP(F36,0) -> 0 | H36: =IF(G36=0,0,E36/G36) -> 0 | J36: =I36*2*normuren!$B$26 -> 0 | K36: =IF(G36<3,normuren!$B$8,IF(AND(G36<6,G36>2),normuren!$B$9,IF(AND(G36<9,G36>5),normuren!$B$10,normuren!$B$11))) -> 15 | L36: =normuren!$B$24*2*12 -> 36 | M36: =normuren!$B$25*2*12 -> 45.6 | N36: =normuren!$B$29 -> 1.5 | O36: X | BK36: =SUM(O36:BJ36) -> 0 | BL36: =G36-BK36 -> 0 | BM36: =IF(BL36>0,"Problem","Oke") -> Oke
A37: SSC1007 | B37: Introduction to Law and legal Reasoning | C37: LAW | D37: G. Arosemena | F37: =E37/12 -> 0 | G37: =ROUNDUP(F37,0) -> 0 | H37: =IF(G37=0,0,E37/G37) -> 0 | J37: =I37*2*normuren!$B$26 -> 0 | K37: =IF(G37<3,normuren!$B$8,IF(AND(G37<6,G37>2),normuren!$B$9,IF(AND(G37<9,G37>5),normuren!$B$10,normuren!$B$11))) -> 15 | L37: =normuren!$B$24*2*12 -> 36 | M37: =normuren!$B$25*2*12 -> 45.6 | N37: =normuren!$B$29 -> 1.5 | BK37: =SUM(O37:BJ37) -> 0 | BL37: =G37-BK37 -> 0 | BM37: =IF(BL37>0,"Problem","Oke") -> Oke
A38: SSC2006 | B38: Developmental Psychology | C38: FPN | D38: E. Persoon | F38: =E38/12 -> 0 | G38: =ROUNDUP(F38,0) -> 0 | H38: =IF(G38=0,0,E38/G38) -> 0 | J38: =I38*2*normuren!$B$26 -> 0 | K38: =IF(G38<3,normuren!$B$8,IF(AND(G38<6,G38>2),normuren!$B$9,IF(AND(G38<9,G38>5),normuren!$B$10,normuren!$B$11))) -> 15 | L38: =normuren!$B$24*2*12 -> 36 | M38: =normuren!$B$25*2*12 -> 45.6 | N38: =normuren!$B$29 -> 1.5 | Z38: X? | BK38: =SUM(O38:BJ38) -> 0 | BL38: =G38-BK38 -> 0 | BM38: =IF(BL38>0,"Problem","Oke") -> Oke
A39: SSC2007 | B39: Intermediate Macroeconomics | C39: SBE | D39: L. Lieb | F39: =E39/12 -> 0 | G39: =ROUNDUP(F39,0) -> 0 | H39: =IF(G39=0,0,E39/G39) -> 0 | J39: =I39*2*normuren!$B$26 -> 0 | K39: =IF(G39<3,normuren!$B$8,IF(AND(G39<6,G39>2),normuren!$B$9,IF(AND(G39<9,G39>5),normuren!$B$10,normuren!$B$11))) -> 15 | L39: =normuren!$B$24*2*12 -> 36 | M39: =normuren!$B$25*2*12 -> 45.6 | N39: =normuren!$B$29 -> 1.5 | BK39: =SUM(O39:BJ39) -> 0 | BL39: =G39-BK39 -> 0 | BM39: =IF(BL39>0,"Problem","Oke") -> Oke
A40: SSC2010 | B40: Contending Perspectives in Economics: The Case of Inequality | C40: SBE | D40: H. Meijers | F40: =E40/12 -> 0 | G40: =ROUNDUP(F40,0) -> 0 | H40: =IF(G40=0,0,E40/G40) -> 0 | J40: =I40*2*normuren!$B$26 -> 0 | K40: =IF(G40<3,normuren!$B$8,IF(AND(G40<6,G40>2),normuren!$B$9,IF(AND(G40<9,G40>5),normuren!$B$10,normuren!$B$11))) -> 15 | L40: =normuren!$B$24*2*12 -> 36 | M40: =normuren!$B$25*2*12 -> 45.6 | N40: =normuren!$B$29 -> 1.5 | BK40: =SUM(O40:BJ40) -> 0 | BL40: =G40-BK40 -> 0 | BM40: =IF(BL40>0,"Problem","Oke") -> Oke
A41: SSC2018 | B41: Brand Management and how to Communicate about Brands | C41: SBE | D41: L. Bruggen | F41: =E41/12 -> 0 | G41: =ROUNDUP(F41,0) -> 0 | H41: =IF(G41=0,0,E41/G41) -> 0 | J41: =I41*2*normuren!$B$26 -> 0 | K41: =IF(G41<3,normuren!$B$8,IF(AND(G41<6,G41>2),normuren!$B$9,IF(AND(G41<9,G41>5),normuren!$B$10,normuren!$B$11))) -> 15 | L41: =normuren!$B$24*2*12 -> 36 | M41: =normuren!$B$25*2*12 -> 45.6 | N41: =normuren!$B$29 -> 1.5 | BK41: =SUM(O41:BJ41) -> 0 | BL41: =G41-BK41 -> 0 | BM41: =IF(BL41>0,"Problem","Oke") -> Oke
A42: SSC2037 | B42: Peace and Conflict Studies | C42: LAW | D42: B. Erdogan | F42: =E42/12 -> 0 | G42: =ROUNDUP(F42,0) -> 0 | H42: =IF(G42=0,0,E42/G42) -> 0 | J42: =I42*2*normuren!$B$26 -> 0 | K42: =IF(G42<3,normuren!$B$8,IF(AND(G42<6,G42>2),normuren!$B$9,IF(AND(G42<9,G42>5),normuren!$B$10,normuren!$B$11))) -> 15 | L42: =normuren!$B$24*2*12 -> 36 | M42: =normuren!$B$25*2*12 -> 45.6 | N42: =normuren!$B$29 -> 1.5 | BK42: =SUM(O42:BJ42) -> 0 | BL42: =G42-BK42 -> 0 | BM42: =IF(BL42>0,"Problem","Oke") -> Oke
A43: SSC2039 | B43: History of Western Political Thought | C43: UCM | D43: T. Dekker | F43: =$E43/12 -> 0 | G43: =ROUNDUP(F43,0) -> 0 | H43: =IF(G43=0,0,E43/G43) -> 0 | J43: =I43*2*normuren!$B$26 -> 0 | K43: =IF(G43<3,normuren!$B$8,IF(AND(G43<6,G43>2),normuren!$B$9,IF(AND(G43<9,G43>5),normuren!$B$10,normuren!$B$11))) -> 15 | L43: =normuren!$B$27 -> 20 | M43: 20 | N43: =normuren!$B$29 -> 1.5 | S43: 2 | BK43: =SUM(O43:BJ43) -> 2 | BL43: =G43-BK43 -> -2 | BM43: =IF(BL43>0,"Problem","Oke") -> Oke
A44: SSC2059 | B44: Social Movements | C44: UCM | D44: K. Heidemann | F44: =$E44/12 -> 0 | G44: =ROUNDUP(F44,0) -> 0 | H44: =IF(G44=0,0,E44/G44) -> 0 | J44: =I44*2*normuren!$B$26 -> 0 | K44: =IF(G44<3,normuren!$B$8,IF(AND(G44<6,G44>2),normuren!$B$9,IF(AND(G44<9,G44>5),normuren!$B$10,normuren!$B$11))) -> 15 | L44: =normuren!$B$27 -> 20 | M44: 20 | N44: =normuren!$B$29 -> 1.5 | AA44: 2 | BK44: =SUM(O44:BJ44) -> 2 | BL44: =G44-BK44 -> -2 | BM44: =IF(BL44>0,"Problem","Oke") -> Oke
A45: SSC2060 | B45: Comparative Constitutional Law | C45: LAW | D45: P. Sabharwal | F45: =$E45/12 -> 0 | G45: =ROUNDUP(F45,0) -> 0 | H45: =IF(G45=0,0,E45/G45) -> 0 | J45: =I45*2*normuren!$B$26 -> 0 | K45: =IF(G45<3,normuren!$B$8,IF(AND(G45<6,G45>2),normuren!$B$9,IF(AND(G45<9,G45>5),normuren!$B$10,normuren!$B$11))) -> 15 | L45: =normuren!$B$27 -> 20 | M45: 21 | N45: =normuren!$B$29 -> 1.5 | BK45: =SUM(O45:BJ45) -> 0 | BL45: =G45-BK45 -> 0 | BM45: =IF(BL45>0,"Problem","Oke") -> Oke
A46: SSC2062 | B46: Foundations of Cognitive Psychology | C46: FPN | D46: M. Capalbo | F46: =$E46/12 -> 0 | G46: =ROUNDUP(F46,0) -> 0 | H46: =IF(G46=0,0,E46/G46) -> 0 | J46: =I46*2*normuren!$B$26 -> 0 | K46: =IF(G46<3,normuren!$B$8,IF(AND(G46<6,G46>2),normuren!$B$9,IF(AND(G46<9,G46>5),normuren!$B$10,normuren!$B$11))) -> 15 | L46: =normuren!$B$27 -> 20 | M46: 22 | N46: =normuren!$B$29 -> 1.5 | BK46: =SUM(O46:BJ46) -> 0 | BL46: =G46-BK46 -> 0 | BM46: =IF(BL46>0,"Problem","Oke") -> Oke
A47: SSC2064 | B47: Migration Studies: Flows and Concepts | C47: SBE | D47: M. Siegel | F47: =$E47/12 -> 0 | G47: =ROUNDUP(F47,0) -> 0 | H47: =IF(G47=0,0,E47/G47) -> 0 | J47: =I47*2*normuren!$B$26 -> 0 | K47: =IF(G47<3,normuren!$B$8,IF(AND(G47<6,G47>2),normuren!$B$9,IF(AND(G47<9,G47>5),normuren!$B$10,normuren!$B$11))) -> 15 | L47: =normuren!$B$27 -> 20 | M47: 23 | N47: =normuren!$B$29 -> 1.5 | BK47: =SUM(O47:BJ47) -> 0 | BL47: =G47-BK47 -> 0 | BM47: =IF(BL47>0,"Problem","Oke") -> Oke
A48: SSC2071 | B48: Latin America: History, Politics and Cultures | C48: UCM | D48: S. Carmona | F48: =$E48/12 -> 0 | G48: =ROUNDUP(F48,0) -> 0 | H48: =IF(G48=0,0,E48/G48) -> 0 | J48: =I48*2*normuren!$B$26 -> 0 | K48: =IF(G48<3,normuren!$B$8,IF(AND(G48<6,G48>2),normuren!$B$9,IF(AND(G48<9,G48>5),normuren!$B$10,normuren!$B$11))) -> 15 | L48: =normuren!$B$27 -> 20 | M48: 24 | N48: =normuren!$B$29 -> 1.5 | R48: 2 | BK48: =SUM(O48:BJ48) -> 2 | BL48: =G48-BK48 -> -2 | BM48: =IF(BL48>0,"Problem","Oke") -> Oke
A49: SSC3009 | B49: Public Economics | C49: SBE | D49: M. Loeffler | F49: =$E49/12 -> 0 | G49: =ROUNDUP(F49,0) -> 0 | H49: =IF(G49=0,0,E49/G49) -> 0 | J49: =I49*2*normuren!$B$26 -> 0 | K49: =IF(G49<3,normuren!$B$8,IF(AND(G49<6,G49>2),normuren!$B$9,IF(AND(G49<9,G49>5),normuren!$B$10,normuren!$B$11))) -> 15 | L49: =normuren!$B$27 -> 20 | M49: 25 | N49: =normuren!$B$29 -> 1.5 | BK49: =SUM(O49:BJ49) -> 0 | BL49: =G49-BK49 -> 0 | BM49: =IF(BL49>0,"Problem","Oke") -> Oke
A50: SSC3011 | B50: Public Policy Evaluation | C50: MGSOG | D50: R. Speijcken | F50: =$E50/12 -> 0 | G50: =ROUNDUP(F50,0) -> 0 | H50: =IF(G50=0,0,E50/G50) -> 0 | J50: =I50*2*normuren!$B$26 -> 0 | K50: =IF(G50<3,normuren!$B$8,IF(AND(G50<6,G50>2),normuren!$B$9,IF(AND(G50<9,G50>5),normuren!$B$10,normuren!$B$11))) -> 15 | L50: =normuren!$B$27 -> 20 | M50: 26 | N50: =normuren!$B$29 -> 1.5 | BK50: =SUM(O50:BJ50) -> 0 | BL50: =G50-BK50 -> 0 | BM50: =IF(BL50>0,"Problem","Oke") -> Oke
A51: SSC3012 | B51: War in World Politics | C51: UCM | D51: R. Haar | F51: =$E51/12 -> 0 | G51: =ROUNDUP(F51,0) -> 0 | H51: =IF(G51=0,0,E51/G51) -> 0 | J51: =I51*2*normuren!$B$26 -> 0 | K51: =IF(G51<3,normuren!$B$8,IF(AND(G51<6,G51>2),normuren!$B$9,IF(AND(G51<9,G51>5),normuren!$B$10,normuren!$B$11))) -> 15 | L51: =normuren!$B$27 -> 20 | M51: 27 | N51: =normuren!$B$29 -> 1.5 | U51: X | Y51: 1 | BI51: X? | BK51: =SUM(O51:BJ51) -> 1 | BL51: =G51-BK51 -> -1 | BM51: =IF(BL51>0,"Problem","Oke") -> Oke
A52: SSC3017 | B52: Social and Sustainable Entrepreneurship | C52: SBE | D52: J. Koning | F52: =$E52/12 -> 0 | G52: =ROUNDUP(F52,0) -> 0 | H52: =IF(G52=0,0,E52/G52) -> 0 | J52: =I52*2*normuren!$B$26 -> 0 | K52: =IF(G52<3,normuren!$B$8,IF(AND(G52<6,G52>2),normuren!$B$9,IF(AND(G52<9,G52>5),normuren!$B$10,normuren!$B$11))) -> 15 | L52: =normuren!$B$27 -> 20 | M52: 28 | N52: =normuren!$B$29 -> 1.5 | BK52: =SUM(O52:BJ52) -> 0 | BL52: =G52-BK52 -> 0 | BM52: =IF(BL52>0,"Problem","Oke") -> Oke
A53: SSC3023 | B53: Philosophy of Mind | C53: EXT | D53: R. de Vries ?? | F53: =$E53/12 -> 0 | G53: =ROUNDUP(F53,0) -> 0 | H53: =IF(G53=0,0,E53/G53) -> 0 | J53: =I53*2*normuren!$B$26 -> 0 | K53: =IF(G53<3,normuren!$B$8,IF(AND(G53<6,G53>2),normuren!$B$9,IF(AND(G53<9,G53>5),normuren!$B$10,normuren!$B$11))) -> 15 | L53: =normuren!$B$27 -> 20 | M53: 29 | N53: =normuren!$B$29 -> 1.5 | AP53: X | BK53: =SUM(O53:BJ53) -> 0 | BL53: =G53-BK53 -> 0 | BM53: =IF(BL53>0,"Problem","Oke") -> Oke
A54: SSC3038 | B54: Contemporary Sociological Theory | C54: UCM | D54: V. Lifrieri | F54: =$E54/12 -> 0 | G54: =ROUNDUP(F54,0) -> 0 | H54: =IF(G54=0,0,E54/G54) -> 0 | J54: =I54*2*normuren!$B$26 -> 0 | K54: =IF(G54<3,normuren!$B$8,IF(AND(G54<6,G54>2),normuren!$B$9,IF(AND(G54<9,G54>5),normuren!$B$10,normuren!$B$11))) -> 15 | L54: =normuren!$B$27 -> 20 | M54: 30 | N54: =normuren!$B$29 -> 1.5 | AD54: 2 | BK54: =SUM(O54:BJ54) -> 2 | BL54: =G54-BK54 -> -2 | BM54: =IF(BL54>0,"Problem","Oke") -> Oke
A55: SSC3055 | B55: Chinese International Relations and Foreign Policy | C55: UCM | D55: C. Lo | F55: =$E55/12 -> 0 | G55: =ROUNDUP(F55,0) -> 0 | H55: =IF(G55=0,0,E55/G55) -> 0 | J55: =I55*2*normuren!$B$26 -> 0 | K55: =IF(G55<3,normuren!$B$8,IF(AND(G55<6,G55>2),normuren!$B$9,IF(AND(G55<9,G55>5),normuren!$B$10,normuren!$B$11))) -> 15 | L55: =normuren!$B$27 -> 20 | M55: 30 | N55: =normuren!$B$29 -> 1.5 | AT55: 3 | BK55: =SUM(O55:BJ55) -> 3 | BL55: =G55-BK55 -> -3 | BM55: =IF(BL55>0,"Problem","Oke") -> Oke
A56: UGR3001 | B56: MaRBLe Undergraduate Research | C56: UCM | D56: J. Moes / U. Müller | F56: =$E56/12 -> 0 | G56: =ROUNDUP(F56,0) -> 0 | H56: =IF(G56=0,0,E56/G56) -> 0 | J56: =I56*2*normuren!$B$26 -> 0 | K56: =IF(G56<3,normuren!$B$8,IF(AND(G56<6,G56>2),normuren!$B$9,IF(AND(G56<9,G56>5),normuren!$B$10,normuren!$B$11))) -> 15 | L56: =normuren!$B$27 -> 20 | M56: 31 | N56: =normuren!$B$29 -> 1.5 | AA56: X | AG56: X | BK56: =SUM(O56:BJ56) -> 0 | BL56: =G56-BK56 -> 0 | BM56: =IF(BL56>0,"Problem","Oke") -> Oke
A57: UGR3002 | B57: Undergraduate Research - The Documentary: Doing Visual Ethographic Research | C57: UCM | D57: L.Ogden / W. van Dellen | F57: =$E57/12 -> 0 | G57: =ROUNDUP(F57,0) -> 0 | H57: =IF(G57=0,0,E57/G57) -> 0 | J57: =I57*2*normuren!$B$26 -> 0 | K57: =IF(G57<3,normuren!$B$8,IF(AND(G57<6,G57>2),normuren!$B$9,IF(AND(G57<9,G57>5),normuren!$B$10,normuren!$B$11))) -> 15 | L57: =normuren!$B$27 -> 20 | M57: 32 | N57: =normuren!$B$29 -> 1.5 | T57: X | BK57: =SUM(O57:BJ57) -> 0 | BL57: =G57-BK57 -> 0 | BM57: =IF(BL57>0,"Problem","Oke") -> Oke
A58: UGR3003 | B58: Applied Research & Internship Project | C58: UCM | D58: I. Römgens | F58: =$E58/12 -> 0 | G58: =ROUNDUP(F58,0) -> 0 | H58: =IF(G58=0,0,E58/G58) -> 0 | J58: =I58*2*normuren!$B$26 -> 0 | K58: =IF(G58<3,normuren!$B$8,IF(AND(G58<6,G58>2),normuren!$B$9,IF(AND(G58<9,G58>5),normuren!$B$10,normuren!$B$11))) -> 15 | L58: =normuren!$B$27 -> 20 | M58: 33 | N58: =normuren!$B$29 -> 1.5 | T58: X | AG58: X | AK58: X | AM58: X | BK58: =SUM(O58:BJ58) -> 0 | BL58: =G58-BK58 -> 0 | BM58: =IF(BL58>0,"Problem","Oke") -> Oke
A59: Tutorgroups | G59: =SUM(G5:G46) -> 0 | O59: =SUM(O3:O57) -> 0 | P59: =SUM(P3:P57) -> 1 | Q59: =SUM(Q5:Q57) -> 0 | R59: =SUM(R3:R57) -> 3 | S59: =SUM(S3:S57) -> 2 | T59: =SUM(T3:T57) -> 0 | U59: =SUM(U3:U57) -> 0 | V59: =SUM(V3:V57) -> 3 | W59: =SUM(W3:W57) -> 0 | X59: =SUM(X3:X57) -> 0 | Y59: =SUM(Y3:Y57) -> 1 | ... AC59: =SUM(AC3:AC57) -> 2 | AE59: =SUM(AE3:AE57) -> 1 | AF59: =SUM(AF3:AF57) -> 0 | AG59: =SUM(AG3:AG57) -> 1 | AH59: =SUM(AH3:AH57) -> 0 | AI59: =SUM(AI3:AI57) -> 0 | AJ59: =SUM(AJ3:AJ57) -> 0 | AK59: =SUM(AK3:AK57) -> 3 | AL59: =SUM(AL3:AL57) -> 0 | ... AT59: =SUM(AT3:AT57) -> 4 | AW59: =SUM(AW3:AW57) -> 0 | AX59: =SUM(AX3:AX57) -> 5 | BF59: =SUM(BF3:BF57) -> 0 | BJ59: =SUM(BJ3:BJ57) -> 0 | BL59: =G59-BK59 -> 0
A60: Tutorhours | O60: =SUM(O5:O58) -> 0 | P60: =SUM(P5:P58) -> 1 | Q60: =SUM(Q6:Q58) -> 0 | R60: =SUM(R5:R58) -> 2 | S60: =SUM(S5:S58) -> 2 | T60: =SUM(T5:T58) -> 0 | U60: =SUM(U5:U58) -> 0 | V60: =SUM(V5:V58) -> 2 | W60: =SUM(W5:W58) -> 0 | X60: =SUM(X5:X58) -> 0 | Y60: =SUM(Y5:Y58) -> 1 | ... AC60: =SUM(AC5:AC58) -> 2 | AE60: =SUM(AE5:AE58) -> 1 | AF60: =SUM(AF5:AF58) -> 0 | AG60: =SUM(AG5:AG58) -> 1 | AH60: =SUM(AH5:AH58) -> 0 | AI60: =SUM(AI5:AI58) -> 0 | AJ60: =SUM(AJ5:AJ58) -> 0 | AK60: =SUM(AK5:AK58) -> 2 | AL60: =SUM(AL5:AL58) -> 0 | ... AT60: =SUM(AT5:AT58) -> 3 | AW60: =SUM(AW5:AW58) -> 0 | AX60: =SUM(AX5:AX58) -> 5 | BF60: =SUM(BF5:BF58) -> 0 | BJ60: =SUM(BJ5:BJ58) -> 0 | BL60: =G60-BK60 -> 0
A61: Correction | O61: =SUM(O6:O59) -> 0 | P61: =SUM(P6:P59) -> 2 | Q61: =SUM(Q7:Q59) -> 0 | R61: =SUM(R6:R59) -> 5 | S61: =SUM(S6:S59) -> 4 | T61: =SUM(T6:T59) -> 0 | U61: =SUM(U6:U59) -> 0 | V61: =SUM(V6:V59) -> 5 | W61: =SUM(W6:W59) -> 0 | X61: =SUM(X6:X59) -> 0 | Y61: =SUM(Y6:Y59) -> 2 | ... AC61: =SUM(AC6:AC59) -> 4 | AE61: =SUM(AE6:AE59) -> 2 | AF61: =SUM(AF6:AF59) -> 0 | AG61: =SUM(AG6:AG59) -> 2 | AH61: =SUM(AH6:AH59) -> 0 | AI61: =SUM(AI6:AI59) -> 0 | AJ61: =SUM(AJ6:AJ59) -> 0 | AK61: =SUM(AK6:AK59) -> 5 | AL61: =SUM(AL6:AL59) -> 0 | ... AT61: =SUM(AT6:AT59) -> 7 | AW61: =SUM(AW6:AW59) -> 0 | AX61: =SUM(AX6:AX59) -> 10 | BF61: =SUM(BF6:BF59) -> 0 | BJ61: =SUM(BJ6:BJ59) -> 0 | BL61: =G61-BK61 -> 0
A62: Coordination | O62: =SUM(O7:O60) -> 0 | P62: =SUM(P7:P60) -> 3 | Q62: =SUM(Q8:Q60) -> 0 | R62: =SUM(R7:R60) -> 7 | S62: =SUM(S7:S60) -> 6 | T62: =SUM(T7:T60) -> 0 | U62: =SUM(U7:U60) -> 0 | V62: =SUM(V7:V60) -> 7 | W62: =SUM(W7:W60) -> 0 | X62: =SUM(X7:X60) -> 0 | Y62: =SUM(Y7:Y60) -> 3 | ... AC62: =SUM(AC7:AC60) -> 6 | AE62: =SUM(AE7:AE60) -> 3 | AF62: =SUM(AF7:AF60) -> 0 | AG62: =SUM(AG7:AG60) -> 3 | AH62: =SUM(AH7:AH60) -> 0 | AI62: =SUM(AI7:AI60) -> 0 | AJ62: =SUM(AJ7:AJ60) -> 0 | AK62: =SUM(AK7:AK60) -> 7 | AL62: =SUM(AL7:AL60) -> 0 | ... AT62: =SUM(AT7:AT60) -> 10 | AW62: =SUM(AW7:AW60) -> 0 | AX62: =SUM(AX7:AX60) -> 12 | BF62: =SUM(BF7:BF60) -> 0 | BJ62: =SUM(BJ7:BJ60) -> 0 | BL62: =G62-BK62 -> 0
A63: Total Teaching Hours per Period | O63: =SUM(O8:O61) -> 0 | P63: =SUM(P8:P61) -> 5 | Q63: =SUM(Q9:Q61) -> 0 | R63: =SUM(R8:R61) -> 12 | S63: =SUM(S8:S61) -> 10 | T63: =SUM(T8:T61) -> 0 | U63: =SUM(U8:U61) -> 0 | V63: =SUM(V8:V61) -> 12 | W63: =SUM(W8:W61) -> 0 | X63: =SUM(X8:X61) -> 0 | Y63: =SUM(Y8:Y61) -> 5 | ... AC63: =SUM(AC8:AC61) -> 10 | AE63: =SUM(AE8:AE61) -> 5 | AF63: =SUM(AF8:AF61) -> 0 | AG63: =SUM(AG8:AG61) -> 5 | AH63: =SUM(AH8:AH61) -> 0 | AI63: =SUM(AI8:AI61) -> 0 | AJ63: =SUM(AJ8:AJ61) -> 0 | AK63: =SUM(AK8:AK61) -> 12 | AL63: =SUM(AL8:AL61) -> 0 | ... AT63: =SUM(AT8:AT61) -> 17 | AW63: =SUM(AW8:AW61) -> 0 | AX63: =SUM(AX8:AX61) -> 22 | BF63: =SUM(BF8:BF61) -> 0 | BJ63: =SUM(BJ8:BJ61) -> 0 | BL63: =G63-BK63 -> 0
A64: Total Teaching Hours per Week | O64: =SUM(O9:O62) -> 0 | P64: =SUM(P9:P62) -> 8 | Q64: =SUM(Q10:Q62) -> 0 | R64: =SUM(R9:R62) -> 19 | S64: =SUM(S9:S62) -> 16 | T64: =SUM(T9:T62) -> 0 | U64: =SUM(U9:U62) -> 0 | V64: =SUM(V9:V62) -> 19 | W64: =SUM(W9:W62) -> 0 | X64: =SUM(X9:X62) -> 0 | Y64: =SUM(Y9:Y62) -> 8 | ... AC64: =SUM(AC9:AC62) -> 16 | AE64: =SUM(AE9:AE62) -> 8 | AF64: =SUM(AF9:AF62) -> 0 | AG64: =SUM(AG9:AG62) -> 8 | AH64: =SUM(AH9:AH62) -> 0 | AI64: =SUM(AI9:AI62) -> 0 | AJ64: =SUM(AJ9:AJ62) -> 0 | AK64: =SUM(AK9:AK62) -> 19 | AL64: =SUM(AL9:AL62) -> 0 | ... AT64: =SUM(AT9:AT62) -> 27 | AW64: =SUM(AW9:AW62) -> 0 | AX64: =SUM(AX9:AX62) -> 34 | BF64: =SUM(BF9:BF62) -> 0 | BJ64: =SUM(BJ9:BJ62) -> 0 | BL64: =G64-BK64 -> 0
A65: Fixed Role Hours per Week | O65: =SUM(O10:O63) -> 0 | P65: =SUM(P10:P63) -> 13 | Q65: =SUM(Q11:Q63) -> 0 | R65: =SUM(R10:R63) -> 31 | S65: =SUM(S10:S63) -> 26 | T65: =SUM(T10:T63) -> 0 | U65: =SUM(U10:U63) -> 0 | V65: =SUM(V10:V63) -> 31 | W65: =SUM(W10:W63) -> 0 | X65: =SUM(X10:X63) -> 0 | Y65: =SUM(Y10:Y63) -> 13 | ... AC65: =SUM(AC10:AC63) -> 26 | AE65: =SUM(AE10:AE63) -> 13 | AF65: =SUM(AF10:AF63) -> 0 | AG65: =SUM(AG10:AG63) -> 13 | AH65: =SUM(AH10:AH63) -> 0 | AI65: =SUM(AI10:AI63) -> 0 | AJ65: =SUM(AJ10:AJ63) -> 0 | AK65: =SUM(AK10:AK63) -> 29 | AL65: =SUM(AL10:AL63) -> 0 | ... AT65: =SUM(AT10:AT63) -> 44 | AW65: =SUM(AW10:AW63) -> 0 | AX65: =SUM(AX10:AX63) -> 56 | BF65: =SUM(BF10:BF63) -> 0 | BJ65: =SUM(BJ10:BJ63) -> 0 | BL65: =G65-BK65 -> 0
A66: Contract Hours per Week | O66: =SUM(O11:O64) -> 0 | P66: =SUM(P11:P64) -> 21 | Q66: =SUM(Q12:Q64) -> 0 | R66: =SUM(R11:R64) -> 50 | S66: =SUM(S11:S64) -> 42 | T66: =SUM(T11:T64) -> 0 | U66: =SUM(U11:U64) -> 0 | V66: =SUM(V11:V64) -> 50 | W66: =SUM(W11:W64) -> 0 | X66: =SUM(X11:X64) -> 0 | Y66: =SUM(Y11:Y64) -> 21 | ... AC66: =SUM(AC11:AC64) -> 42 | AE66: =SUM(AE11:AE64) -> 21 | AF66: =SUM(AF11:AF64) -> 0 | AG66: =SUM(AG11:AG64) -> 21 | AH66: =SUM(AH11:AH64) -> 0 | AI66: =SUM(AI11:AI64) -> 0 | AJ66: =SUM(AJ11:AJ64) -> 0 | AK66: =SUM(AK11:AK64) -> 48 | AL66: =SUM(AL11:AL64) -> 0 | ... AT66: =SUM(AT11:AT64) -> 71 | AW66: =SUM(AW11:AW64) -> 0 | AX66: =SUM(AX11:AX64) -> 90 | BF66: =SUM(BF11:BF64) -> 0 | BJ66: =SUM(BJ11:BJ64) -> 0 | BL66: =G66-BK66 -> 0
A67: Hours Remaining per Week | O67: =SUM(O12:O65) -> 0 | P67: =SUM(P12:P65) -> 34 | Q67: =Q2 -> LB | R67: =SUM(R12:R65) -> 81 | S67: =SUM(S12:S65) -> 68 | T67: =SUM(T12:T65) -> 0 | U67: =SUM(U12:U65) -> 0 | V67: =SUM(V12:V65) -> 81 | W67: =SUM(W12:W65) -> 0 | X67: =SUM(X12:X65) -> 0 | Y67: =SUM(Y12:Y65) -> 34 | ... AC67: =SUM(AC12:AC65) -> 68 | AE67: =SUM(AE12:AE65) -> 34 | AF67: =SUM(AF12:AF65) -> 0 | AG67: =SUM(AG12:AG65) -> 34 | AH67: =SUM(AH12:AH65) -> 0 | AI67: =SUM(AI12:AI65) -> 0 | AJ67: =SUM(AJ12:AJ65) -> 0 | AK67: =SUM(AK12:AK65) -> 77 | AL67: =SUM(AL12:AL65) -> 0 | ... AT67: =SUM(AT12:AT65) -> 115 | AW67: =SUM(AW12:AW65) -> 0 | AX67: =SUM(AX12:AX65) -> 146 | BF67: =SUM(BF12:BF65) -> 0 | BJ67: =SUM(BJ12:BJ65) -> 0 | BL67: =G67-BK67 -> 0
O68: CO | P68: =P2 -> Lbe | Q68: =Q2 -> LB | R68: =R2 -> Sca | S68: =S2 -> TD | T68: =T2 -> WvD | U68: =U2 -> CE | V68: =V2 -> AF | W68: =W2 -> WG | ... AC68: =AC2 -> MK | AE68: =AE2 -> EM | AF68: =AF2 -> DM | AG68: =AG2 -> JM | AH68: =AH2 -> UM | AI68: =AI2 -> AO | AJ68: =AJ2 -> JvP | AK68: =AK2 -> CR | AL68: =AL2 -> IR | ... AT68: =AT2 -> CYPL | AW68: CO | AX68: CO | BF68: CO | BJ68: CO | BL68: =G68-BK68 -> 0
O69: =O2 -> FAC | P69: =P2 -> Lbe | R69: =R2 -> Sca | S69: =S2 -> TD | T69: =T2 -> WvD | U69: =U2 -> CE | V69: =V2 -> AF | W69: =W2 -> WG | X69: =X2 -> TG | Y69: =Y2 -> RH | ... AC69: =AC2 -> MK | AE69: =AE2 -> EM | AF69: =AF2 -> DM | AG69: =AG2 -> JM | AH69: =AH2 -> UM | AI69: =AI2 -> AO | AJ69: =AJ2 -> JvP | AK69: =AK2 -> CR | AL69: =AL2 -> IR | ... AT69: =AT2 -> CYPL | AW69: =AW2 -> CC/OBP | AX69: =AX2 -> XT/D4 | BF69: =BF2 -> APT/D4 | BJ69: =BJ2 -> JvZ/D4 | BL69: =G69-BK69 -> 0
A73: UCM
A74: No Teaching
A75: Teaching preference

Sheet PERIOD 5
A1: PERIOD 5 | K1: Hours | AT1: Junior Lecturers (D4) & OBP | AU1: Junior Lecturers (D4) & OBP
A2: CODE | B2: COURSE TITLE | C2: Faculty | D2: COORDINATOR | E2: NR | F2: TG | G2: TG | H2: ST/TG | I2: Lect | J2: lect | K2: Coor | L2: per TG regular staff | M2: Per TG 1st Year JTF | N2: Per ST | O2: FAC | P2: Lbe | Q2: LB | R2: Sca | S2: TD | T2: WvD | U2: CE | V2: AF | W2: WG | X2: TG | Y2: RH | Z2: CH | AA2: KH | AB2: MH | AC2: MK | AD2: VL | AE2: EM | AF2: DM | AG2: JM | AH2: UM | AI2: AO | AJ2: JvP | AK2: CR | AL2: IR | AM2: JS | AN2: BS | AO2: MS | AP2: PV | AQ2: DV | AR2: JW | AS2: AW | AT2: CYPL | AU2: JB/OBP | AV2: SB/D4 | AW2: CC/OBP | AX2: XT/D4 | AY2: RvE/D4 | AZ2: ZE/OBP | BA2: CG/D4 | BB2: JH/D4 | BC2: WH/D4 | BD2: JvL/D4 | BE2: IM/D4 | BF2: APT/D4 | BG2: WS/D4 | BH2: KK/D4 | BI2: MM/D4 | BJ2: JvZ/D4 | BK2: WOS/OBP | BL2: Total | BM2: TG problem
A4: CAP3000 | B4: Capstone | C4: UCM | D4: J. Moes / E. Maegherman | F4: =$E4/12 -> 0 | H4: =IF(G4=0,0,E4/G4) -> 0 | P4: X | R4: 1 | U4: 1 | V4: 1 | X4: X | AE4: X | AG4: X | AH4: 1 | AK4: 1 | AO4: X | AP4: X | AQ4: X | AR4: X | AS4: X | AT4: 1
A5: COR1002 | B5: Philosophy of Science | C5: UCM | D5: P. Vermeer | F5: =$E5/12 -> 0 | H5: =IF(G5=0,0,E5/G5) -> 0 | J5: =I5*2*normuren!$B$26 -> 0 | K5: =IF(G5<3,normuren!$B$8,IF(AND(G5<6,G5>2),normuren!$B$9,IF(AND(G5<9,G5>5),normuren!$B$10,normuren!$B$11))) -> 15 | L5: =normuren!$B$27 -> 20 | M5: 26 | N5: =normuren!$B$29 -> 1.5 | O5: X | X5: X | AP5: 1 | AU5: 2 | AW5: X | BB5: 3 | BC5: 3 | BD5: 2 | BL5: =SUM(O5:BK5) -> 11 | BM5: =G5-BL5 -> -11 | BN5: =IF(BM5>0,"Problem","Oke") -> Oke | BO5: FP; zeta/ceren
A6: COR1004 | B6: Political Philosophy | C6: FASOS | D6: J. Prinz | F6: =E6/12 -> 0 | H6: =IF(G6=0,0,E6/G6) -> 0 | J6: =I6*2*normuren!$B$26 -> 0 | K6: =IF(G6<3,normuren!$B$8,IF(AND(G6<6,G6>2),normuren!$B$9,IF(AND(G6<9,G6>5),normuren!$B$10,normuren!$B$11))) -> 15 | L6: =normuren!$B$24*2*12 -> 36 | M6: =normuren!$B$25*2*12 -> 45.6 | N6: =normuren!$B$29 -> 1.5 | O6: X | BJ6: 1 | BL6: =SUM(O6:BK6) -> 1 | BM6: =G6-BL6 -> -1 | BN6: =IF(BM6>0,"Problem","Oke") -> Oke
A7: HUM2007 | B7: States and Nations in Europe, from the Middle Ages to the First World War | C7: FASOS | D7: P. del Hierro | F7: =E7/12 -> 0 | H7: =IF(G7=0,0,E7/G7) -> 0 | J7: =I7*2*normuren!$B$26 -> 0 | K7: =IF(G7<3,normuren!$B$8,IF(AND(G7<6,G7>2),normuren!$B$9,IF(AND(G7<9,G7>5),normuren!$B$10,normuren!$B$11))) -> 15 | L7: =normuren!$B$24*2*12 -> 36 | M7: =normuren!$B$25*2*12 -> 45.6 | N7: =normuren!$B$29 -> 1.5 | BL7: =SUM(O7:BK7) -> 0 | BM7: =G7-BL7 -> 0 | BN7: =IF(BM7>0,"Problem","Oke") -> Oke
A8: HUM2008 | B8: Ancient Philosophy | C8: FASOS | D8: M. Kardaun | F8: =E8/12 -> 0 | H8: =IF(G8=0,0,E8/G8) -> 0 | J8: =I8*2*normuren!$B$26 -> 0 | K8: =IF(G8<3,normuren!$B$8,IF(AND(G8<6,G8>2),normuren!$B$9,IF(AND(G8<9,G8>5),normuren!$B$10,normuren!$B$11))) -> 15 | L8: =normuren!$B$24*2*12 -> 36 | M8: =normuren!$B$25*2*12 -> 45.6 | N8: =normuren!$B$29 -> 1.5 | BL8: =SUM(O8:BK8) -> 0 | BM8: =G8-BL8 -> 0 | BN8: =IF(BM8>0,"Problem","Oke") -> Oke
A9: HUM2030 | B9: Media and Technology: Philosophical Perspectives | C9: FASOS | D9: D. Meacham/T. Viola | F9: =E9/12 -> 0 | H9: =IF(G9=0,0,E9/G9) -> 0 | J9: =I9*2*normuren!$B$26 -> 0 | K9: =IF(G9<3,normuren!$B$8,IF(AND(G9<6,G9>2),normuren!$B$9,IF(AND(G9<9,G9>5),normuren!$B$10,normuren!$B$11))) -> 15 | L9: =normuren!$B$24*2*12 -> 36 | M9: =normuren!$B$25*2*12 -> 45.6 | N9: =normuren!$B$29 -> 1.5 | BL9: =SUM(O9:BK9) -> 0 | BM9: =G9-BL9 -> 0 | BN9: =IF(BM9>0,"Problem","Oke") -> Oke
A10: HUM2031 | B10: Cultural Studies II: Visual Cultures | C10: FASOS | D10: R. van de Vall | F10: =E10/12 -> 0 | H10: =IF(G10=0,0,E10/G10) -> 0 | J10: =I10*2*normuren!$B$26 -> 0 | K10: =IF(G10<3,normuren!$B$8,IF(AND(G10<6,G10>2),normuren!$B$9,IF(AND(G10<9,G10>5),normuren!$B$10,normuren!$B$11))) -> 15 | L10: =normuren!$B$24*2*12 -> 36 | M10: =normuren!$B$25*2*12 -> 45.6 | N10: =normuren!$B$29 -> 1.5 | BL10: =SUM(O10:BK10) -> 0 | BM10: =G10-BL10 -> 0 | BN10: =IF(BM10>0,"Problem","Oke") -> Oke
A11: HUM2056 | B11: Cultural Memory and the Politics of Visualizing the Past | C11: FASOS | D11: E. Steinbock | F11: =E11/12 -> 0 | H11: =IF(G11=0,0,E11/G11) -> 0 | J11: =I11*2*normuren!$B$26 -> 0 | K11: =IF(G11<3,normuren!$B$8,IF(AND(G11<6,G11>2),normuren!$B$9,IF(AND(G11<9,G11>5),normuren!$B$10,normuren!$B$11))) -> 15 | L11: =normuren!$B$24*2*12 -> 36 | M11: =normuren!$B$25*2*12 -> 45.6 | N11: =normuren!$B$29 -> 1.5 | BL11: =SUM(O11:BK11) -> 0 | BM11: =G11-BL11 -> 0 | BN11: =IF(BM11>0,"Problem","Oke") -> Oke
A12: HUM3034 | B12: World History | C12: UCM | D12: L. Boon | F12: =E12/12 -> 0 | H12: =IF(G12=0,0,E12/G12) -> 0 | J12: =I12*2*normuren!$B$26 -> 0 | K12: =IF(G12<3,normuren!$B$8,IF(AND(G12<6,G12>2),normuren!$B$9,IF(AND(G12<9,G12>5),normuren!$B$10,normuren!$B$11))) -> 15 | L12: =normuren!$B$24*2*12 -> 36 | M12: =normuren!$B$25*2*12 -> 45.6 | N12: =normuren!$B$29 -> 1.5 | BL12: =SUM(O12:BK12) -> 0 | BM12: =G12-BL12 -> 0 | BN12: =IF(BM12>0,"Problem","Oke") -> Oke
A13: HUM3042 | B13: Biopoetics: An Evolutionary Approach to Art, Literature, Music and Religion | C13: FASOS | D13: J. de Roder | F13: =E13/12 -> 0 | H13: =IF(G13=0,0,E13/G13) -> 0 | J13: =I13*2*normuren!$B$26 -> 0 | K13: =IF(G13<3,normuren!$B$8,IF(AND(G13<6,G13>2),normuren!$B$9,IF(AND(G13<9,G13>5),normuren!$B$10,normuren!$B$11))) -> 15 | L13: =normuren!$B$24*2*12 -> 36 | M13: =normuren!$B$25*2*12 -> 45.6 | N13: =normuren!$B$29 -> 1.5 | BL13: =SUM(O13:BK13) -> 0 | BM13: =G13-BL13 -> 0 | BN13: =IF(BM13>0,"Problem","Oke") -> Oke
A14: HUM3045 | B14: Distributive Justice in Contemporary Political Philosophy | C14: UCM | D14: T. Dekker | F14: =E14/12 -> 0 | H14: =IF(G14=0,0,E14/G14) -> 0 | J14: =I14*2*normuren!$B$26 -> 0 | K14: =IF(G14<3,normuren!$B$8,IF(AND(G14<6,G14>2),normuren!$B$9,IF(AND(G14<9,G14>5),normuren!$B$10,normuren!$B$11))) -> 15 | L14: =normuren!$B$24*2*12 -> 36 | M14: =normuren!$B$25*2*12 -> 45.6 | N14: =normuren!$B$29 -> 1.5 | S14: 2 | BL14: =SUM(O14:BK14) -> 2 | BM14: =G14-BL14 -> -2 | BN14: =IF(BM14>0,"Problem","Oke") -> Oke
A15: SCI2009 | B15: Human Physiology | C15: FHML | D15: A. Gilde | F15: =E15/12 -> 0 | H15: =IF(G15=0,0,E15/G15) -> 0 | J15: =I15*2*normuren!$B$26 -> 0 | K15: =IF(G15<3,normuren!$B$8,IF(AND(G15<6,G15>2),normuren!$B$9,IF(AND(G15<9,G15>5),normuren!$B$10,normuren!$B$11))) -> 15 | L15: =normuren!$B$24*2*12 -> 36 | M15: =normuren!$B$25*2*12 -> 45.6 | N15: =normuren!$B$29 -> 1.5 | BL15: =SUM(O15:BK15) -> 0 | BM15: =G15-BL15 -> 0 | BN15: =IF(BM15>0,"Problem","Oke") -> Oke
A16: SCI2019 | B16: Linear Algebra | C16: DKE | D16: M. Musegaas | F16: =E16/12 -> 0 | H16: =IF(G16=0,0,E16/G16) -> 0 | J16: =I16*2*normuren!$B$26 -> 0 | K16: =IF(G16<3,normuren!$B$8,IF(AND(G16<6,G16>2),normuren!$B$9,IF(AND(G16<9,G16>5),normuren!$B$10,normuren!$B$11))) -> 15 | L16: =normuren!$B$27 -> 20 | M16: 20 | N16: =normuren!$B$29 -> 1.5 | BL16: =SUM(O16:BK16) -> 0 | BM16: =G16-BL16 -> 0 | BN16: =IF(BM16>0,"Problem","Oke") -> Oke
A17: SCI2039 | B17: Computer Science | C17: DKE | D17: M. Dibenedetto | F17: =E17/12 -> 0 | H17: =IF(G17=0,0,E17/G17) -> 0 | J17: =I17*2*normuren!$B$26 -> 0 | K17: =IF(G17<3,normuren!$B$8,IF(AND(G17<6,G17>2),normuren!$B$9,IF(AND(G17<9,G17>5),normuren!$B$10,normuren!$B$11))) -> 15 | L17: =normuren!$B$27 -> 20 | M17: 20 | N17: =normuren!$B$29 -> 1.5 | BL17: =SUM(O17:BK17) -> 0 | BM17: =G17-BL17 -> 0 | BN17: =IF(BM17>0,"Problem","Oke") -> Oke
A18: SCI3046 | B18: Cognitive Neuroscience | C18: FPN | D18: I. Leunissen | F18: =E18/12 -> 0 | H18: =IF(G18=0,0,E18/G18) -> 0 | J18: =I18*2*normuren!$B$26 -> 0 | K18: =IF(G18<3,normuren!$B$8,IF(AND(G18<6,G18>2),normuren!$B$9,IF(AND(G18<9,G18>5),normuren!$B$10,normuren!$B$11))) -> 15 | L18: =normuren!$B$27 -> 20 | M18: 20 | N18: =normuren!$B$29 -> 1.5 | BL18: =SUM(O18:BK18) -> 0 | BM18: =G18-BL18 -> 0 | BN18: =IF(BM18>0,"Problem","Oke") -> Oke
A19: SCI3049 | B19: Pathobiology and Disease | C19: FHML | D19: K.Wouters | F19: =E19/12 -> 0 | H19: =IF(G19=0,0,E19/G19) -> 0 | J19: =I19*2*normuren!$B$26 -> 0 | K19: =IF(G19<3,normuren!$B$8,IF(AND(G19<6,G19>2),normuren!$B$9,IF(AND(G19<9,G19>5),normuren!$B$10,normuren!$B$11))) -> 15 | L19: =normuren!$B$27 -> 20 | M19: 20 | N19: =normuren!$B$29 -> 1.5 | AN19: X | BL19: =SUM(O19:BK19) -> 0 | BM19: =G19-BL19 -> 0 | BN19: =IF(BM19>0,"Problem","Oke") -> Oke
A20: SCI3051 | B20: Data Analytics | C20: SBE | D20: M. Peeters | F20: =E20/12 -> 0 | H20: =IF(G20=0,0,E20/G20) -> 0 | J20: =I20*2*normuren!$B$26 -> 0 | K20: =IF(G20<3,normuren!$B$8,IF(AND(G20<6,G20>2),normuren!$B$9,IF(AND(G20<9,G20>5),normuren!$B$10,normuren!$B$11))) -> 15 | L20: =normuren!$B$27 -> 20 | M20: 20 | N20: =normuren!$B$29 -> 1.5 | BL20: =SUM(O20:BK20) -> 0 | BM20: =G20-BL20 -> 0 | BN20: =IF(BM20>0,"Problem","Oke") -> Oke
A21: SCI3052 | B21: Global Health: Impact of Flows of People, Goods, Knowledge and Technologies on Health and Disease | C21: FHML | D21: G. Klabbers | F21: =$E21/12 -> 0 | H21: =IF(G21=0,0,E21/G21) -> 0 | J21: =I21*2*normuren!$B$26 -> 0 | K21: =IF(G21<3,normuren!$B$8,IF(AND(G21<6,G21>2),normuren!$B$9,IF(AND(G21<9,G21>5),normuren!$B$10,normuren!$B$11))) -> 15 | L21: =normuren!$B$27 -> 20 | M21: 20 | N21: =normuren!$B$29 -> 1.5 | BL21: =SUM(O21:BK21) -> 0 | BM21: =G21-BL21 -> 0 | BN21: =IF(BM21>0,"Problem","Oke") -> Oke
A22: SKI1005 | B22: Research Methods II | C22: UCM | D22: J. Moes - > E. Maegherman | F22: =$E22/12 -> 0 | H22: =IF(G22=0,0,E22/G22) -> 0 | J22: =I22*2*normuren!$B$26 -> 0 | K22: =IF(G22<3,normuren!$B$8,IF(AND(G22<6,G22>2),normuren!$B$9,IF(AND(G22<9,G22>5),normuren!$B$10,normuren!$B$11))) -> 15 | L22: =normuren!$B$27 -> 20 | M22: 20 | N22: =normuren!$B$29 -> 1.5 | AE22: 1 | AG22: 1 | AU22: 3 | AW22: 2 | BC22: 2 | BK22: 2 | BL22: =SUM(O22:BK22) -> 11 | BM22: =G22-BL22 -> -11 | BN22: =IF(BM22>0,"Problem","Oke") -> Oke
A23: SKI1009 | B23: Introduction to Academic Skills II | C23: UCM | D23: A. Wellum / A. Foster | F23: =E23/12 -> 0 | H23: =IF(G23=0,0,E23/G23) -> 0 | J23: =I23*2*normuren!$B$26 -> 0 | K23: =IF(G23<3,normuren!$B$8,IF(AND(G23<6,G23>2),normuren!$B$9,IF(AND(G23<9,G23>5),normuren!$B$10,normuren!$B$11))) -> 15 | L23: =normuren!$B$24*2*12 -> 36 | M23: =normuren!$B$25*2*12 -> 45.6 | N23: =normuren!$B$29 -> 1.5 | V23: 2 | X23: X | AS23: NO | BD23: 3 | BJ23: 2 | BL23: =SUM(O23:BK23) -> 7 | BM23: =G23-BL23 -> -7 | BN23: =IF(BM23>0,"Problem","Oke") -> Oke
A24: SKI2048 | B24: Introduction to Discourse Analysis | C24: UCM | D24: V. Lifrieri | F24: =E24/12 -> 0 | H24: =IF(G24=0,0,E24/G24) -> 0 | J24: =I24*2*normuren!$B$26 -> 0 | K24: =IF(G24<3,normuren!$B$8,IF(AND(G24<6,G24>2),normuren!$B$9,IF(AND(G24<9,G24>5),normuren!$B$10,normuren!$B$11))) -> 15 | L24: =normuren!$B$24*2*12 -> 36 | M24: =normuren!$B$25*2*12 -> 45.6 | N24: =normuren!$B$29 -> 1.5 | AD24: 4 | BL24: =SUM(O24:BK24) -> 4 | BM24: =G24-BL24 -> -4 | BN24: =IF(BM24>0,"Problem","Oke") -> Oke
A25: SKI2079 | B25: Lab Skills: Human Anatomy and Histology | C25: FHML | D25: L. Köhler | F25: =E25/12 -> 0 | H25: =IF(G25=0,0,E25/G25) -> 0 | J25: =I25*2*normuren!$B$26 -> 0 | K25: =IF(G25<3,normuren!$B$8,IF(AND(G25<6,G25>2),normuren!$B$9,IF(AND(G25<9,G25>5),normuren!$B$10,normuren!$B$11))) -> 15 | L25: =normuren!$B$24*2*12 -> 36 | M25: =normuren!$B$25*2*12 -> 45.6 | N25: =normuren!$B$29 -> 1.5 | BL25: =SUM(O25:BK25) -> 0 | BM25: =G25-BL25 -> 0 | BN25: =IF(BM25>0,"Problem","Oke") -> Oke
A26: SKI2083 | B26: International negotiation | C26: UCM | D26: M. Stout | F26: =E26/12 -> 0 | H26: =IF(G26=0,0,E26/G26) -> 0 | J26: =I26*2*normuren!$B$26 -> 0 | K26: =IF(G26<3,normuren!$B$8,IF(AND(G26<6,G26>2),normuren!$B$9,IF(AND(G26<9,G26>5),normuren!$B$10,normuren!$B$11))) -> 15 | L26: =normuren!$B$24*2*12 -> 36 | M26: =normuren!$B$25*2*12 -> 45.6 | N26: =normuren!$B$29 -> 1.5 | AO26: NO | BB26: NO | BL26: =SUM(O26:BK26) -> 0 | BM26: =G26-BL26 -> 0 | BN26: =IF(BM26>0,"Problem","Oke") -> Oke
A27: SKI2084 | B27: Writing in an Academic Context: Improving Argumentation and Style | C27: UCM | D27: A. Wellum / A. Foster | F27: =E27/12 -> 0 | H27: =IF(G27=0,0,E27/G27) -> 0 | J27: =I27*2*normuren!$B$26 -> 0 | K27: =IF(G27<3,normuren!$B$8,IF(AND(G27<6,G27>2),normuren!$B$9,IF(AND(G27<9,G27>5),normuren!$B$10,normuren!$B$11))) -> 15 | L27: =normuren!$B$24*2*12 -> 36 | M27: =normuren!$B$25*2*12 -> 45.6 | N27: =normuren!$B$29 -> 1.5 | V27: NO | AS27: 3 | BL27: =SUM(O27:BK27) -> 3 | BM27: =G27-BL27 -> -3 | BN27: =IF(BM27>0,"Problem","Oke") -> Oke
A28: SKI3011 | B28: Evidence Synthesis 2: Statistics in Systematic Reviewing | C28: FHML | D28: M. Zeegers | F28: =E28/12 -> 0 | H28: =IF(G28=0,0,E28/G28) -> 0 | J28: =I28*2*normuren!$B$26 -> 0 | K28: =IF(G28<3,normuren!$B$8,IF(AND(G28<6,G28>2),normuren!$B$9,IF(AND(G28<9,G28>5),normuren!$B$10,normuren!$B$11))) -> 15 | L28: =normuren!$B$24*2*12 -> 36 | M28: =normuren!$B$25*2*12 -> 45.6 | N28: =normuren!$B$29 -> 1.5 | BL28: =SUM(O28:BK28) -> 0 | BM28: =G28-BL28 -> 0 | BN28: =IF(BM28>0,"Problem","Oke") -> Oke
A29: SSC1027 | B29: Principles of Economics | C29: SBE | D29: S. Terstiege | F29: =E29/12 -> 0 | H29: =IF(G29=0,0,E29/G29) -> 0 | J29: =I29*2*normuren!$B$26 -> 0 | K29: =IF(G29<3,normuren!$B$8,IF(AND(G29<6,G29>2),normuren!$B$9,IF(AND(G29<9,G29>5),normuren!$B$10,normuren!$B$11))) -> 15 | L29: =normuren!$B$24*2*12 -> 36 | M29: =normuren!$B$25*2*12 -> 45.6 | N29: =normuren!$B$29 -> 1.5 | BL29: =SUM(O29:BK29) -> 0 | BM29: =G29-BL29 -> 0 | BN29: =IF(BM29>0,"Problem","Oke") -> Oke
A30: SSC2002 | B30: International Relations: Themes and Theories | C30: LAW | D30: B. Erdogan | F30: =E30/12 -> 0 | H30: =IF(G30=0,0,E30/G30) -> 0 | J30: =I30*2*normuren!$B$26 -> 0 | K30: =IF(G30<3,normuren!$B$8,IF(AND(G30<6,G30>2),normuren!$B$9,IF(AND(G30<9,G30>5),normuren!$B$10,normuren!$B$11))) -> 15 | L30: =normuren!$B$24*2*12 -> 36 | M30: =normuren!$B$25*2*12 -> 45.6 | N30: =normuren!$B$29 -> 1.5 | BG30: 4 | BJ30: X | BL30: =SUM(O30:BK30) -> 4 | BM30: =G30-BL30 -> -4 | BN30: =IF(BM30>0,"Problem","Oke") -> Oke
A31: SSC2004 | B31: Clinical Psychology | C31: UCM | D31: M. Heins | F31: =E31/12 -> 0 | H31: =IF(G31=0,0,E31/G31) -> 0 | J31: =I31*2*normuren!$B$26 -> 0 | K31: =IF(G31<3,normuren!$B$8,IF(AND(G31<6,G31>2),normuren!$B$9,IF(AND(G31<9,G31>5),normuren!$B$10,normuren!$B$11))) -> 15 | L31: =normuren!$B$24*2*12 -> 36 | M31: =normuren!$B$25*2*12 -> 45.6 | N31: =normuren!$B$29 -> 1.5 | AW31: 3 | BL31: =SUM(O31:BK31) -> 3 | BM31: =G31-BL31 -> -3 | BN31: =IF(BM31>0,"Problem","Oke") -> Oke
A32: SSC2008 | B32: Organization Theory | C32: SBE | D32: J. Koning | F32: =E32/12 -> 0 | H32: =IF(G32=0,0,E32/G32) -> 0 | J32: =I32*2*normuren!$B$26 -> 0 | K32: =IF(G32<3,normuren!$B$8,IF(AND(G32<6,G32>2),normuren!$B$9,IF(AND(G32<9,G32>5),normuren!$B$10,normuren!$B$11))) -> 15 | L32: =normuren!$B$24*2*12 -> 36 | M32: =normuren!$B$25*2*12 -> 45.6 | N32: =normuren!$B$29 -> 1.5 | BL32: =SUM(O32:BK32) -> 0 | BM32: =G32-BL32 -> 0 | BN32: =IF(BM32>0,"Problem","Oke") -> Oke
A33: SSC2009 | B33: Corporate Finance: Behavioural Foundations – A Touch of Responsible Investments and Behavioral Economics | C33: SBE | D33: S. Jongen | F33: =E33/12 -> 0 | H33: =IF(G33=0,0,E33/G33) -> 0 | J33: =I33*2*normuren!$B$26 -> 0 | K33: =IF(G33<3,normuren!$B$8,IF(AND(G33<6,G33>2),normuren!$B$9,IF(AND(G33<9,G33>5),normuren!$B$10,normuren!$B$11))) -> 15 | L33: =normuren!$B$24*2*12 -> 36 | M33: =normuren!$B$25*2*12 -> 45.6 | N33: =normuren!$B$29 -> 1.5 | BL33: =SUM(O33:BK33) -> 0 | BM33: =G33-BL33 -> 0 | BN33: =IF(BM33>0,"Problem","Oke") -> Oke
A34: SSC2022 | B34: Accounting and Accountability | C34: SBE | D34: R. Kaenen | F34: =E34/12 -> 0 | H34: =IF(G34=0,0,E34/G34) -> 0 | J34: =I34*2*normuren!$B$26 -> 0 | K34: =IF(G34<3,normuren!$B$8,IF(AND(G34<6,G34>2),normuren!$B$9,IF(AND(G34<9,G34>5),normuren!$B$10,normuren!$B$11))) -> 15 | L34: =normuren!$B$24*2*12 -> 36 | M34: =normuren!$B$25*2*12 -> 45.6 | N34: =normuren!$B$29 -> 1.5 | BL34: =SUM(O34:BK34) -> 0 | BM34: =G34-BL34 -> 0 | BN34: =IF(BM34>0,"Problem","Oke") -> Oke
A35: SSC2027 | B35: Law and Society | C35: LAW | D35: S. Hardt | F35: =E35/12 -> 0 | H35: =IF(G35=0,0,E35/G35) -> 0 | J35: =I35*2*normuren!$B$26 -> 0 | K35: =IF(G35<3,normuren!$B$8,IF(AND(G35<6,G35>2),normuren!$B$9,IF(AND(G35<9,G35>5),normuren!$B$10,normuren!$B$11))) -> 15 | L35: =normuren!$B$24*2*12 -> 36 | M35: =normuren!$B$25*2*12 -> 45.6 | N35: =normuren!$B$29 -> 1.5 | BL35: =SUM(O35:BK35) -> 0 | BM35: =G35-BL35 -> 0 | BN35: =IF(BM35>0,"Problem","Oke") -> Oke
A36: SSC2043 | B36: Development Economics | C36: SBE | D36: B. Verspagen | F36: =E36/12 -> 0 | H36: =IF(G36=0,0,E36/G36) -> 0 | J36: =I36*2*normuren!$B$26 -> 0 | K36: =IF(G36<3,normuren!$B$8,IF(AND(G36<6,G36>2),normuren!$B$9,IF(AND(G36<9,G36>5),normuren!$B$10,normuren!$B$11))) -> 15 | L36: =normuren!$B$24*2*12 -> 36 | M36: =normuren!$B$25*2*12 -> 45.6 | N36: =normuren!$B$29 -> 1.5 | BL36: =SUM(O36:BK36) -> 0 | BM36: =G36-BL36 -> 0 | BN36: =IF(BM36>0,"Problem","Oke") -> Oke
A37: SSC2050 | B37: Psychology and Law | C37: UCM | D37: J. Schell | F37: =E37/12 -> 0 | H37: =IF(G37=0,0,E37/G37) -> 0 | J37: =I37*2*normuren!$B$26 -> 0 | K37: =IF(G37<3,normuren!$B$8,IF(AND(G37<6,G37>2),normuren!$B$9,IF(AND(G37<9,G37>5),normuren!$B$10,normuren!$B$11))) -> 15 | L37: =normuren!$B$24*2*12 -> 36 | M37: =normuren!$B$25*2*12 -> 45.6 | N37: =normuren!$B$29 -> 1.5 | AE37: 1 | AH37: 1 | BL37: =SUM(O37:BK37) -> 2 | BM37: =G37-BL37 -> -2 | BN37: =IF(BM37>0,"Problem","Oke") -> Oke
A38: SSC2053 | B38: Public Health Policy Making | C38: FHML | D38: D. Ruwaard | F38: =E38/12 -> 0 | H38: =IF(G38=0,0,E38/G38) -> 0 | J38: =I38*2*normuren!$B$26 -> 0 | K38: =IF(G38<3,normuren!$B$8,IF(AND(G38<6,G38>2),normuren!$B$9,IF(AND(G38<9,G38>5),normuren!$B$10,normuren!$B$11))) -> 15 | L38: =normuren!$B$24*2*12 -> 36 | M38: =normuren!$B$25*2*12 -> 45.6 | N38: =normuren!$B$29 -> 1.5 | BL38: =SUM(O38:BK38) -> 0 | BM38: =G38-BL38 -> 0 | BN38: =IF(BM38>0,"Problem","Oke") -> Oke
A39: SSC2061 | B39: Statistics I | C39: SBE | D39: J. Raymaekers | F39: =E39/12 -> 0 | H39: =IF(G39=0,0,E39/G39) -> 0 | J39: =I39*2*normuren!$B$26 -> 0 | K39: =IF(G39<3,normuren!$B$8,IF(AND(G39<6,G39>2),normuren!$B$9,IF(AND(G39<9,G39>5),normuren!$B$10,normuren!$B$11))) -> 15 | L39: =normuren!$B$24*2*12 -> 36 | M39: =normuren!$B$25*2*12 -> 45.6 | N39: =normuren!$B$29 -> 1.5 | BL39: =SUM(O39:BK39) -> 0 | BM39: =G39-BL39 -> 0 | BN39: =IF(BM39>0,"Problem","Oke") -> Oke
A40: SSC2065 | B40: Theories of Social Order | C40: SBE | D40: M. Levels | F40: =E40/12 -> 0 | H40: =IF(G40=0,0,E40/G40) -> 0 | J40: =I40*2*normuren!$B$26 -> 0 | K40: =IF(G40<3,normuren!$B$8,IF(AND(G40<6,G40>2),normuren!$B$9,IF(AND(G40<9,G40>5),normuren!$B$10,normuren!$B$11))) -> 15 | L40: =normuren!$B$24*2*12 -> 36 | M40: =normuren!$B$25*2*12 -> 45.6 | N40: =normuren!$B$29 -> 1.5 | BL40: =SUM(O40:BK40) -> 0 | BM40: =G40-BL40 -> 0 | BN40: =IF(BM40>0,"Problem","Oke") -> Oke
A41: SSC2070 | B41: Social Studies of Finance: The Making (and Taking) of Value in the Financialization of Our Lives | C41: UCM | D41: C. Rausch | F41: =E41/12 -> 0 | H41: =IF(G41=0,0,E41/G41) -> 0 | J41: =I41*2*normuren!$B$26 -> 0 | K41: =IF(G41<3,normuren!$B$8,IF(AND(G41<6,G41>2),normuren!$B$9,IF(AND(G41<9,G41>5),normuren!$B$10,normuren!$B$11))) -> 15 | L41: =normuren!$B$24*2*12 -> 36 | M41: =normuren!$B$25*2*12 -> 45.6 | N41: =normuren!$B$29 -> 1.5 | AK41: 2 | BL41: =SUM(O41:BK41) -> 2 | BM41: =G41-BL41 -> -2 | BN41: =IF(BM41>0,"Problem","Oke") -> Oke
A42: SSC3002 | B42: European Foreign Policy | C42: UCM | D42: R. Haar | F42: =E42/12 -> 0 | H42: =IF(G42=0,0,E42/G42) -> 0 | J42: =I42*2*normuren!$B$26 -> 0 | K42: =IF(G42<3,normuren!$B$8,IF(AND(G42<6,G42>2),normuren!$B$9,IF(AND(G42<9,G42>5),normuren!$B$10,normuren!$B$11))) -> 15 | L42: =normuren!$B$24*2*12 -> 36 | M42: =normuren!$B$25*2*12 -> 45.6 | N42: =normuren!$B$29 -> 1.5 | U42: X | Y42: 1 | BJ42: X | BL42: =SUM(O42:BK42) -> 1 | BM42: =G42-BL42 -> -1 | BN42: =IF(BM42>0,"Problem","Oke") -> Oke
A43: SSC3003 | B43: The Law of the United Nations | C43: LAW | D43: C. Eggett | F43: =E43/12 -> 0 | H43: =IF(G43=0,0,E43/G43) -> 0 | J43: =I43*2*normuren!$B$26 -> 0 | K43: =IF(G43<3,normuren!$B$8,IF(AND(G43<6,G43>2),normuren!$B$9,IF(AND(G43<9,G43>5),normuren!$B$10,normuren!$B$11))) -> 15 | L43: =normuren!$B$24*2*12 -> 36 | M43: =normuren!$B$25*2*12 -> 45.6 | N43: =normuren!$B$29 -> 1.5 | BL43: =SUM(O43:BK43) -> 0 | BM43: =G43-BL43 -> 0 | BN43: =IF(BM43>0,"Problem","Oke") -> Oke
A44: SSC3018 | B44: Statistics II | C44: SBE | D44: J. Raymaekers | F44: =E44/12 -> 0 | H44: =IF(G44=0,0,E44/G44) -> 0 | J44: =I44*2*normuren!$B$26 -> 0 | K44: =IF(G44<3,normuren!$B$8,IF(AND(G44<6,G44>2),normuren!$B$9,IF(AND(G44<9,G44>5),normuren!$B$10,normuren!$B$11))) -> 15 | L44: =normuren!$B$24*2*12 -> 36 | M44: =normuren!$B$25*2*12 -> 45.6 | N44: =normuren!$B$29 -> 1.5 | BL44: =SUM(O44:BK44) -> 0 | BM44: =G44-BL44 -> 0 | BN44: =IF(BM44>0,"Problem","Oke") -> Oke
A45: SSC3034 | B45: International Economic Relations: the Case of Europe | C45: SBE | D45: C. Kool | F45: =E45/12 -> 0 | H45: =IF(G45=0,0,E45/G45) -> 0 | J45: =I45*2*normuren!$B$26 -> 0 | K45: =IF(G45<3,normuren!$B$8,IF(AND(G45<6,G45>2),normuren!$B$9,IF(AND(G45<9,G45>5),normuren!$B$10,normuren!$B$11))) -> 15 | L45: =normuren!$B$24*2*12 -> 36 | M45: =normuren!$B$25*2*12 -> 45.6 | N45: =normuren!$B$29 -> 1.5 | BL45: =SUM(O45:BK45) -> 0 | BM45: =G45-BL45 -> 0 | BN45: =IF(BM45>0,"Problem","Oke") -> Oke
A46: SSC3040 | B46: Identities | C46: UCM | D46: U. Müller | F46: =$E46/12 -> 0 | H46: =IF(G46=0,0,E46/G46) -> 0 | J46: =I46*2*normuren!$B$26 -> 0 | K46: =IF(G46<3,normuren!$B$8,IF(AND(G46<6,G46>2),normuren!$B$9,IF(AND(G46<9,G46>5),normuren!$B$10,normuren!$B$11))) -> 15 | L46: =normuren!$B$27 -> 20 | M46: 20 | N46: =normuren!$B$29 -> 1.5 | V46: X | AH46: 2 | BD46: X | BL46: =SUM(O46:BK46) -> 2 | BM46: =G46-BL46 -> -2 | BN46: =IF(BM46>0,"Problem","Oke") -> Oke
A47: SSC3051 | B47: Contemporary Critical Security Studies | C47: LAW | D47: B. Erdogan | F47: =$E47/12 -> 0 | H47: =IF(G47=0,0,E47/G47) -> 0 | J47: =I47*2*normuren!$B$26 -> 0 | K47: =IF(G47<3,normuren!$B$8,IF(AND(G47<6,G47>2),normuren!$B$9,IF(AND(G47<9,G47>5),normuren!$B$10,normuren!$B$11))) -> 15 | L47: =normuren!$B$27 -> 20 | M47: 20 | N47: =normuren!$B$29 -> 1.5 | BL47: =SUM(O47:BK47) -> 0 | BM47: =G47-BL47 -> 0 | BN47: =IF(BM47>0,"Problem","Oke") -> Oke
A48: SSC3052 | B48: The Aftermath of Atrocity: A Course on Transitional Justice and Post-conflict Reconstruction | C48: LAW | D48: R. Moerland | F48: =$E48/12 -> 0 | H48: =IF(G48=0,0,E48/G48) -> 0 | J48: =I48*2*normuren!$B$26 -> 0 | K48: =IF(G48<3,normuren!$B$8,IF(AND(G48<6,G48>2),normuren!$B$9,IF(AND(G48<9,G48>5),normuren!$B$10,normuren!$B$11))) -> 15 | L48: =normuren!$B$27 -> 20 | M48: 21 | N48: =normuren!$B$29 -> 1.5 | BJ48: X | BL48: =SUM(O48:BK48) -> 0 | BM48: =G48-BL48 -> 0 | BN48: =IF(BM48>0,"Problem","Oke") -> Oke
A49: SSC3056 | B49: Innovation Systems, Policy and Sustainability Transitions | C49: MGSOG | D49: S. Türkeli/P.H. Wong | F49: =$E49/12 -> 0 | H49: =IF(G49=0,0,E49/G49) -> 0 | J49: =I49*2*normuren!$B$26 -> 0 | K49: =IF(G49<3,normuren!$B$8,IF(AND(G49<6,G49>2),normuren!$B$9,IF(AND(G49<9,G49>5),normuren!$B$10,normuren!$B$11))) -> 15 | L49: =normuren!$B$27 -> 20 | M49: 22 | N49: =normuren!$B$29 -> 1.5 | BL49: =SUM(O49:BK49) -> 0 | BM49: =G49-BL49 -> 0 | BN49: =IF(BM49>0,"Problem","Oke") -> Oke
A50: SSC3059 | B50: China and India in Global Governance | C50: UCM | D50: C. Lo | F50: =$E50/12 -> 0 | H50: =IF(G50=0,0,E50/G50) -> 0 | J50: =I50*2*normuren!$B$26 -> 0 | K50: =IF(G50<3,normuren!$B$8,IF(AND(G50<6,G50>2),normuren!$B$9,IF(AND(G50<9,G50>5),normuren!$B$10,normuren!$B$11))) -> 15 | L50: =normuren!$B$27 -> 20 | M50: 23 | N50: =normuren!$B$29 -> 1.5 | AT50: 2 | BL50: =SUM(O50:BK50) -> 2 | BM50: =G50-BL50 -> -2 | BN50: =IF(BM50>0,"Problem","Oke") -> Oke
A51: SSC3060 | B51: Extractivism and Environmental Justice in Latin America and the Global South | C51: UCM | D51: S. Carmona | F51: =$E51/12 -> 0 | H51: =IF(G51=0,0,E51/G51) -> 0 | J51: =I51*2*normuren!$B$26 -> 0 | K51: =IF(G51<3,normuren!$B$8,IF(AND(G51<6,G51>2),normuren!$B$9,IF(AND(G51<9,G51>5),normuren!$B$10,normuren!$B$11))) -> 15 | L51: =normuren!$B$27 -> 20 | M51: 24 | N51: =normuren!$B$29 -> 1.5 | R51: 3 | BL51: =SUM(O51:BK51) -> 3 | BM51: =G51-BL51 -> -3 | BN51: =IF(BM51>0,"Problem","Oke") -> Oke
A52: Tutorgroups | G52: =SUM(G5:G47) -> 0 | O52: =SUM(O3:O51) -> 0 | P52: =SUM(P3:P51) -> 0 | Q52: =SUM(Q3:Q51) -> 0 | R52: =SUM(R3:R51) -> 4 | S52: =SUM(S3:S51) -> 2 | T52: =SUM(T3:T51) -> 0 | U52: =SUM(U3:U51) -> 1 | V52: =SUM(V3:V51) -> 3 | ... AU52: =SUM(AU3:AU51) -> 5 | AX52: =SUM(AX3:AX51) -> 0 | BA52: =SUM(BA3:BA51) -> 0 | BB52: =SUM(BB3:BB51) -> 3 | BH52: =SUM(BH3:BH51) -> 0 | BJ52: =SUM(BJ3:BJ51) -> 3 | BK52: =SUM(BK3:BK51) -> 2 | BL52: =SUM(BL3:BL51) -> 58 | BM52: =SUM(BM3:BM51) -> -58
A53: Tutorhours | O53: =SUMPRODUCT($L$3:$L$58,O3:O51) -> #VALUE! | P53: =SUMPRODUCT($L$3:$L$58,P3:P51) -> #VALUE! | Q53: =SUMPRODUCT($L$3:$L$58,Q3:Q51) -> #VALUE! | R53: =SUMPRODUCT($L$3:$L$58,R3:R51) -> #VALUE! | S53: =SUMPRODUCT($L$3:$L$58,S3:S51) -> #VALUE! | T53: =SUMPRODUCT($L$3:$L$58,T3:T51) -> #VALUE! | U53: =SUMPRODUCT($L$3:$L$58,U3:U51) -> #VALUE! | V53: =SUMPRODUCT($L$3:$L$58,V3:V51) -> #VALUE! | ... AT53: =SUMPRODUCT($L$3:$L$58,AT3:AT51) -> #VALUE! | AU53: =SUM(AU5:AU51) -> 5 | AX53: =SUM(AX5:AX51) -> 0 | BA53: =SUM(BA5:BA51) -> 0 | BB53: =SUM(BB5:BB51) -> 3 | BH53: =SUM(BH5:BH51) -> 0 | BJ53: =SUM(BJ5:BJ51) -> 3 | BK53: =SUM(BK5:BK51) -> 2 | BL53: =SUMPRODUCT($L$3:$L$48,BL3:BL51) -> #VALUE!
A54: Correction | O54: =SUMPRODUCT($H$3:$H$58,$N$3:$N$58,O3:O51) -> #VALUE! | P54: =SUMPRODUCT($H$3:$H$58,$N$3:$N$58,P3:P51) -> #VALUE! | Q54: =SUMPRODUCT($H$3:$H$58,$N$3:$N$58,Q3:Q51) -> #VALUE! | R54: =SUMPRODUCT($H$3:$H$58,$N$3:$N$58,R3:R51) -> #VALUE! | S54: =SUMPRODUCT($H$3:$H$58,$N$3:$N$58,S3:S51) -> #VALUE! | T54: =SUMPRODUCT($H$3:$H$58,$N$3:$N$58,T3:T51) -> #VALUE! | U54: =SUMPRODUCT($H$3:$H$58,$N$3:$N$58,U3:U51) -> #VALUE! | V54: =SUMPRODUCT($H$3:$H$58,$N$3:$N$58,V3:V51) -> #VALUE! | ... AT54: =SUMPRODUCT($H$3:$H$58,$N$3:$N$58,AT3:AT51) -> #VALUE! | AU54: =SUM(AU6:AU52) -> 8 | AX54: =SUM(AX6:AX52) -> 0 | BA54: =SUM(BA6:BA52) -> 0 | BB54: =SUM(BB6:BB52) -> 3 | BH54: =SUM(BH6:BH52) -> 0 | BJ54: =SUM(BJ6:BJ52) -> 6 | BK54: =SUM(BK6:BK52) -> 4 | BL54: =SUMPRODUCT($H$3:$H$48,$N$3:$N$48,BL3:BL51) -> #VALUE!
A55: Coordination | O55: =SUM(K3:K58)-SUM(Q55:BJ55) -> -6372 | P55: =DSUM($D$2:$BJ$51,$K$2,P61:P62) -> 705 | Q55: =DSUM($D$2:$BJ$51,$K$2,Q61:Q62) -> 0 | R55: =DSUM($D$2:$BJ$51,$K$2,R61:R62) -> 705 | S55: =DSUM($D$2:$BJ$51,$K$2,S61:S62) -> 0 | T55: =DSUM($D$2:$BJ$51,$K$2,T61:T62) -> 0 | U55: =DSUM($D$2:$BJ$51,$K$2,U61:U62) -> 0 | V55: =DSUM($D$2:$BJ$51,$K$2,V61:V62) -> 0 | W55: =DSUM($D$2:$BJ$51,$K$2,W61:W62) -> 0 | ... AT55: =DSUM($D$2:$BJ$51,$K$2,AT61:AT62) -> 0 | AU55: =SUM(AU7:AU53) -> 13 | AX55: =SUM(AX7:AX53) -> 0 | BA55: =SUM(BA7:BA53) -> 0 | BB55: =SUM(BB7:BB53) -> 6 | BH55: =SUM(BH7:BH53) -> 0 | BJ55: =SUM(BJ7:BJ53) -> 8 | BK55: =SUM(BK7:BK53) -> 6 | BL55: =DSUM($D$2:$BL$48,$K$2,BL61:BL62) -> 0
A56: Total Teaching Hours per Period | O56: =O53+O54+O55 -> #VALUE! | P56: =P53+P54+P55 -> #VALUE! | Q56: =Q53+Q54+Q55 -> #VALUE! | R56: =R53+R54+R55 -> #VALUE! | S56: =S53+S54+S55 -> #VALUE! | T56: =T53+T54+T55 -> #VALUE! | U56: =U53+U54+U55 -> #VALUE! | V56: =V53+V54+V55 -> #VALUE! | ... AT56: =AT53+AT54+AT55 -> #VALUE! | AU56: =SUM(AU8:AU54) -> 21 | AX56: =SUM(AX8:AX54) -> 0 | BA56: =SUM(BA8:BA54) -> 0 | BB56: =SUM(BB8:BB54) -> 9 | BH56: =SUM(BH8:BH54) -> 0 | BJ56: =SUM(BJ8:BJ54) -> 14 | BK56: =SUM(BK8:BK54) -> 10 | BL56: =SUM(BL53:BL55) -> #VALUE!
A57: Total Teaching Hours per Week | O57: =O56/8 -> #VALUE! | P57: =P56/8 -> #VALUE! | Q57: =Q56/8 -> #VALUE! | R57: =R56/8 -> #VALUE! | S57: =S56/8 -> #VALUE! | T57: =T56/8 -> #VALUE! | U57: =U56/8 -> #VALUE! | V57: =V56/8 -> #VALUE! | ... AT57: =AT56/8 -> #VALUE! | AU57: =SUM(AU9:AU55) -> 34 | AX57: =SUM(AX9:AX55) -> 0 | BA57: =SUM(BA9:BA55) -> 0 | BB57: =SUM(BB9:BB55) -> 15 | BH57: =SUM(BH9:BH55) -> 0 | BJ57: =SUM(BJ9:BJ55) -> 22 | BK57: =SUM(BK9:BK55) -> 16
A58: Fixed Role Hours per Week | AU58: =SUM(AU10:AU56) -> 55 | AX58: =SUM(AX10:AX56) -> 0 | BA58: =SUM(BA10:BA56) -> 0 | BB58: =SUM(BB10:BB56) -> 24 | BH58: =SUM(BH10:BH56) -> 0 | BJ58: =SUM(BJ10:BJ56) -> 36 | BK58: =SUM(BK10:BK56) -> 26
A59: Contract Hours per Week | AU59: =SUM(AU11:AU57) -> 89 | AX59: =SUM(AX11:AX57) -> 0 | BA59: =SUM(BA11:BA57) -> 0 | BB59: =SUM(BB11:BB57) -> 39 | BH59: =SUM(BH11:BH57) -> 0 | BJ59: =SUM(BJ11:BJ57) -> 58 | BK59: =SUM(BK11:BK57) -> 42
A60: Hours Remaining per Week | AU60: =SUM(AU12:AU58) -> 144 | AX60: =SUM(AX12:AX58) -> 0 | BA60: =SUM(BA12:BA58) -> 0 | BB60: =SUM(BB12:BB58) -> 63 | BH60: =SUM(BH12:BH58) -> 0 | BJ60: =SUM(BJ12:BJ58) -> 94 | BK60: =SUM(BK12:BK58) -> 68
O61: CO | P61: =P2 -> Lbe | Q61: =Q2 -> LB | R61: =R2 -> Sca | S61: =S2 -> TD | T61: =T2 -> WvD | U61: =U2 -> CE | V61: =V2 -> AF | W61: =W2 -> WG | ... AT61: =AT2 -> CYPL | AU61: CO | AX61: CO | BA61: CO | BB61: CO | BH61: CO | BJ61: CO | BK61: CO | BL61: CO
O62: =O2 -> FAC | Q62: AB | S62: JW | T62: LB | U62: TD | V62: WvD | W62: CE | Y62: DV | AA62: WG | AB62: RH | AD62: KH | AG62: MH | AH62: JM | AL62: UM | AM62: IR | AO62: JS | AP62: CH | AQ62: BS | AR62: MS | AS62: PV | AT62: VL | AU62: =AU2 -> JB/OBP | AX62: =AX2 -> XT/D4 | BA62: =BA2 -> CG/D4 | BB62: =#REF! -> #REF! | BH62: =BH2 -> KK/D4 | BJ62: =BJ2 -> JvZ/D4 | BK62: =BK2 -> WOS/OBP | BL62: =BL2 -> Total
A66: UCM
A67: No Teaching
A68: Teaching preference

Sheet PERIOD 6
A1: PERIOD 6 | K1: Hours | AT1: Junior Lecturers (D4) & OBP | AU1: Junior Lecturers (D4) & OBP
A2: CODE | B2: COURSE TITLE | C2: Faculty | D2: COORDINATOR | E2: NR | F2: TG | G2: TG | H2: ST/TG | I2: Lect | J2: lect | K2: Coor | L2: per TG regular staff | M2: Per TG 1st Year JTF | N2: Per ST | O2: FAC | P2: Lbe | Q2: LB | R2: Sca | S2: TD | T2: WvD | U2: CE | V2: AF | W2: WG | X2: TG | Y2: RH | Z2: CH | AA2: KH | AB2: MH | AC2: MK | AD2: VL | AE2: EM | AF2: DM | AG2: JM | AH2: UM | AI2: AO | AJ2: JvP | AK2: CR | AL2: IR | AM2: JS | AN2: BS | AO2: MS | AP2: PV | AQ2: DV | AR2: JW | AS2: AW | AT2: CYPL | AU2: JB/OBP | AV2: SB/D4 | AW2: CC/OBP | AX2: XT/D4 | AY2: RvE/D4 | AZ2: ZE/OBP | BA2: CG/D4 | BB2: JH/D4 | BC2: WH/D4 | BD2: JvL/D4 | BE2: IM/D4 | BF2: APT/D4 | BG2: WS/D4 | BH2: KK/D4 | BI2: MM/D4 | BJ2: JvZ/D4 | BK2: WOS/OBP | BL2: Total | BM2: TG problem
A4: CAP3000 | B4: Capstone | C4: UCM | D4: J. Moes/ E. Maegherman | F4: =E4/12 -> 0 | G4: =ROUNDUP(F4,0) -> 0 | H4: =IF(G4=0,0,E4/G4) -> 0 | J4: =I4*2*normuren!$B$26 -> 0 | K4: =IF(G4<3,normuren!$B$8,IF(AND(G4<6,G4>2),normuren!$B$9,IF(AND(G4<9,G4>5),normuren!$B$10,normuren!$B$11))) -> 15 | L4: =normuren!$B$24*2*12 -> 36 | M4: =normuren!$B$25*2*12 -> 45.6 | N4: =normuren!$B$29 -> 1.5 | AO4: X | AR4: X | AS4: X | BL4: =SUM(O4:BK4) -> 0 | BM4: =G4-BL4 -> 0 | BN4: =IF(BM4>0,"Problem","Oke") -> Oke | BO4: FP; zeta/ceren
A5: PRO1010 | B5: Introducing Academic Communication: A Writing Project | C5: UCM | D5: A. Wellum / A. Foster | F5: =E5/12 -> 0 | G5: =ROUNDUP(F5,0) -> 0 | H5: =IF(G5=0,0,E5/G5) -> 0 | J5: =I5*2*normuren!$B$26 -> 0 | K5: =IF(G5<3,normuren!$B$8,IF(AND(G5<6,G5>2),normuren!$B$9,IF(AND(G5<9,G5>5),normuren!$B$10,normuren!$B$11))) -> 15 | L5: =normuren!$B$24*2*12 -> 36 | M5: =normuren!$B$25*2*12 -> 45.6 | N5: =normuren!$B$29 -> 1.5 | V5: 2 | AS5: X | AW5: X | BJ5: 1 | BL5: =SUM(O5:BK5) -> 3 | BM5: =G5-BL5 -> -3 | BN5: =IF(BM5>0,"Problem","Oke") -> Oke
A6: PRO1012 | B6: Research Project | C6: UCM | D6: J. Moes | F6: =E6/12 -> 0 | G6: =ROUNDUP(F6,0) -> 0 | H6: =IF(G6=0,0,E6/G6) -> 0 | J6: =I6*2*normuren!$B$26 -> 0 | K6: =IF(G6<3,normuren!$B$8,IF(AND(G6<6,G6>2),normuren!$B$9,IF(AND(G6<9,G6>5),normuren!$B$10,normuren!$B$11))) -> 15 | L6: =normuren!$B$24*2*12 -> 36 | M6: =normuren!$B$25*2*12 -> 45.6 | N6: =normuren!$B$29 -> 1.5 | O6: X | AU6: 2 | AW6: 1 | AZ6: 1 | BC6: 1 | BD6: 1 | BG6: 1 | BK6: 1 | BL6: =SUM(O6:BK6) -> 8 | BM6: =G6-BL6 -> -8 | BN6: =IF(BM6>0,"Problem","Oke") -> Oke
A7: PRO2003 | B7: Writing Project: "The Journal" | C7: UCM | D7: V. Lifriere | F7: =E7/12 -> 0 | G7: =ROUNDUP(F7,0) -> 0 | H7: =IF(G7=0,0,E7/G7) -> 0 | J7: =I7*2*normuren!$B$26 -> 0 | K7: =IF(G7<3,normuren!$B$8,IF(AND(G7<6,G7>2),normuren!$B$9,IF(AND(G7<9,G7>5),normuren!$B$10,normuren!$B$11))) -> 15 | L7: =normuren!$B$24*2*12 -> 36 | M7: =normuren!$B$25*2*12 -> 45.6 | N7: =normuren!$B$29 -> 1.5 | X7: X | AE7: 1 | AG7: 1 | AS7: X | AT7: 1 | AW7: 1 | BB7: 1 | BD7: 1 | BI7: X | BL7: =SUM(O7:BK7) -> 6 | BM7: =G7-BL7 -> -6 | BN7: =IF(BM7>0,"Problem","Oke") -> Oke
A8: PRO2004 | B8: Project Academic Debate | C8: UCM | D8: C. Erkli | F8: =E8/12 -> 0 | G8: =ROUNDUP(F8,0) -> 0 | H8: =IF(G8=0,0,E8/G8) -> 0 | J8: =I8*2*normuren!$B$26 -> 0 | K8: =IF(G8<3,normuren!$B$8,IF(AND(G8<6,G8>2),normuren!$B$9,IF(AND(G8<9,G8>5),normuren!$B$10,normuren!$B$11))) -> 15 | L8: =normuren!$B$24*2*12 -> 36 | M8: =normuren!$B$25*2*12 -> 45.6 | N8: =normuren!$B$29 -> 1.5 | U8: 1 | X8: X | BB8: 1 | BC8: 1 | BG8: 1 | BI8: X | BL8: =SUM(O8:BK8) -> 4 | BM8: =G8-BL8 -> -4 | BN8: =IF(BM8>0,"Problem","Oke") -> Oke
A9: PRO3005 | B9: Public Policy Evaluation & Analysis Project | C9: SBE | D9: R. Speijcken | F9: =E9/12 -> 0 | G9: =ROUNDUP(F9,0) -> 0 | H9: =IF(G10=0,0,E9/G10) -> 0 | J9: =I9*2*normuren!$B$26 -> 0 | K9: =IF(G10<3,normuren!$B$8,IF(AND(G10<6,G10>2),normuren!$B$9,IF(AND(G10<9,G10>5),normuren!$B$10,normuren!$B$11))) -> 15 | L9: =normuren!$B$24*2*12 -> 36 | M9: =normuren!$B$25*2*12 -> 45.6 | N9: =normuren!$B$29 -> 1.5 | BL9: =SUM(O9:BK9) -> 0 | BM9: =G9-BL9 -> 0 | BN9: =IF(BM9>0,"Problem","Oke") -> Oke
A10: PRO3008 | B10: Think Tank | C10: UCM | D10: W. van Dellen | F10: =E10/12 -> 0 | G10: =ROUNDUP(F10,0) -> 0 | H10: =IF(G11=0,0,E10/G11) -> 0 | J10: =I10*2*normuren!$B$26 -> 0 | K10: =IF(G11<3,normuren!$B$8,IF(AND(G11<6,G11>2),normuren!$B$9,IF(AND(G11<9,G11>5),normuren!$B$10,normuren!$B$11))) -> 15 | L10: =normuren!$B$24*2*12 -> 36 | M10: =normuren!$B$25*2*12 -> 45.6 | N10: =normuren!$B$29 -> 1.5 | O10: X | P10: 1 | S10: 1 | T10: 1 | U10: 1 | AE10: 1 | AP10: 1 | BI10: X | BJ10: 1 | BL10: =SUM(O10:BK10) -> 7 | BM10: =G10-BL10 -> -7 | BN10: =IF(BM10>0,"Problem","Oke") -> Oke
A11: PRO3013 | B11: Science Research Project: Data Science | C11: IDS | D11: L. Rieswijk / R. Çelebi | F11: =E11/12 -> 0 | G11: =ROUNDUP(F11,0) -> 0 | H11: =IF(G11=0,0,E11/G11) -> 0 | J11: =I11*2*normuren!$B$26 -> 0 | K11: =IF(G11<3,normuren!$B$8,IF(AND(G11<6,G11>2),normuren!$B$9,IF(AND(G11<9,G11>5),normuren!$B$10,normuren!$B$11))) -> 15 | L11: =normuren!$B$24*2*12 -> 36 | M11: =normuren!$B$25*2*12 -> 45.6 | N11: =normuren!$B$29 -> 1.5 | BL11: =SUM(O11:BK11) -> 0 | BM11: =G11-BL11 -> 0 | BN11: =IF(BM11>0,"Problem","Oke") -> Oke
A12: PRO3016 | B12: Social Sciences/Humanities Research Project | C12: UCM | D12: R. Haar | F12: =E12/12 -> 0 | G12: =ROUNDUP(F12,0) -> 0 | H12: =IF(G12=0,0,E12/G12) -> 0 | J12: =I12*2*normuren!$B$26 -> 0 | K12: =IF(G12<3,normuren!$B$8,IF(AND(G12<6,G12>2),normuren!$B$9,IF(AND(G12<9,G12>5),normuren!$B$10,normuren!$B$11))) -> 15 | L12: =normuren!$B$24*2*12 -> 36 | M12: =normuren!$B$25*2*12 -> 45.6 | N12: =normuren!$B$29 -> 1.5 | R12: 1 | Y12: 1 | AT12: 1 | BL12: =SUM(O12:BK12) -> 3 | BM12: =G12-BL12 -> -3 | BN12: =IF(BM12>0,"Problem","Oke") -> Oke
A13: PRO3017 | B13: Evidence Synthesis 3: Systematic Review Research Project – Write Your Own Systematic Review | C13: FHML | D13: M. Zeegers | F13: =E13/12 -> 0 | G13: =ROUNDUP(F13,0) -> 0 | H13: =IF(G13=0,0,E13/G13) -> 0 | BL13: =SUM(O13:BK13) -> 0 | BM13: =G13-BL13 -> 0 | BN13: =IF(BM13>0,"Problem","Oke") -> Oke
A14: UGR3001 | B14: MaRBLe Undergraduate Research | C14: UCM | D14: J. Moes / U. Müller | F14: =E14/12 -> 0 | G14: =ROUNDUP(F14,0) -> 0 | H14: =IF(G14=0,0,E14/G14) -> 0 | J14: =I14*2*normuren!$B$26 -> 0 | K14: =IF(G14<3,normuren!$B$8,IF(AND(G14<6,G14>2),normuren!$B$9,IF(AND(G14<9,G14>5),normuren!$B$10,normuren!$B$11))) -> 15 | L14: =normuren!$B$24*2*12 -> 36 | M14: =normuren!$B$25*2*12 -> 45.6 | N14: =normuren!$B$29 -> 1.5 | AA14: X | BL14: =SUM(O14:BK14) -> 0 | BM14: =G14-BL14 -> 0 | BN14: =IF(BM14>0,"Problem","Oke") -> Oke
A15: UGR3002 | B15: Undergraduate Research - The Documentary: Doing Visual Ethographic Research | C15: UCM | D15: L.Ogden / W. van Dellen | F15: =E15/12 -> 0 | G15: =ROUNDUP(F15,0) -> 0 | H15: =IF(G15=0,0,E15/G15) -> 0 | J15: =I15*2*normuren!$B$26 -> 0 | K15: =IF(G15<3,normuren!$B$8,IF(AND(G15<6,G15>2),normuren!$B$9,IF(AND(G15<9,G15>5),normuren!$B$10,normuren!$B$11))) -> 15 | L15: =normuren!$B$27 -> 20 | M15: 20 | N15: =normuren!$B$29 -> 1.5 | BL15: =SUM(O15:BK15) -> 0 | BM15: =G15-BL15 -> 0 | BN15: =IF(BM15>0,"Problem","Oke") -> Oke
A16: UGR3003 | B16: Applied Research & Internship Project | C16: UCM | D16: I. Römgens | F16: =E16/12 -> 0 | G16: =ROUNDUP(F16,0) -> 0 | H16: =IF(G16=0,0,E16/G16) -> 0 | J16: =I16*2*normuren!$B$26 -> 0 | K16: =IF(G16<3,normuren!$B$8,IF(AND(G16<6,G16>2),normuren!$B$9,IF(AND(G16<9,G16>5),normuren!$B$10,normuren!$B$11))) -> 15 | L16: =normuren!$B$27 -> 20 | M16: 20 | N16: =normuren!$B$29 -> 1.5 | T16: X | AG16: X | AK16: X | AM16: X | BL16: =SUM(O16:BK16) -> 0 | BM16: =G16-BL16 -> 0 | BN16: =IF(BM16>0,"Problem","Oke") -> Oke
A18: Tutorgroups | G18: =SUM(G4:G16) -> 0 | O18: =SUM(O3:O16) -> 0 | P18: =SUM(P3:P16) -> 1 | Q18: =SUM(Q3:Q16) -> 0 | R18: =SUM(R3:R16) -> 1 | S18: =SUM(S3:S16) -> 1 | T18: =SUM(T3:T16) -> 1 | U18: =SUM(U3:U16) -> 2 | V18: =SUM(V3:V16) -> 2 | ... AU18: =SUM(AU3:AU16) -> 2 | AX18: =SUM(AX3:AX16) -> 0 | BB18: =SUM(BB3:BB16) -> 2 | BC18: =SUM(BC3:BC16) -> 2 | BH18: =SUM(BH3:BH16) -> 0 | BJ18: =SUM(BJ3:BJ16) -> 2 | BK18: =SUM(BK3:BK16) -> 1 | BL18: =SUM(BL3:BL16) -> 31 | BM18: =SUM(BM3:BM16) -> -31
A19: Tutorhours | O19: =SUM(O4:O17) -> 0 | P19: =SUM(P4:P17) -> 1 | Q19: =SUM(Q4:Q17) -> 0 | R19: =SUM(R4:R17) -> 1 | S19: =SUM(S4:S17) -> 1 | T19: =SUM(T4:T17) -> 1 | U19: =SUM(U4:U17) -> 2 | V19: =SUM(V4:V17) -> 2 | ... AU19: =SUM(AU4:AU17) -> 2 | AX19: =SUM(AX4:AX17) -> 0 | BB19: =SUM(BB4:BB17) -> 2 | BC19: =SUM(BC4:BC17) -> 2 | BH19: =SUM(BH4:BH17) -> 0 | BJ19: =SUM(BJ4:BJ17) -> 2 | BK19: =SUM(BK4:BK17) -> 1 | BL19: =SUMPRODUCT($L$3:$L$47,BL3:BL16) -> #VALUE!
A20: Correction | O20: =SUM(O5:O18) -> 0 | P20: =SUM(P5:P18) -> 2 | Q20: =SUM(Q5:Q18) -> 0 | R20: =SUM(R5:R18) -> 2 | S20: =SUM(S5:S18) -> 2 | T20: =SUM(T5:T18) -> 2 | U20: =SUM(U5:U18) -> 4 | V20: =SUM(V5:V18) -> 4 | ... AU20: =SUM(AU5:AU18) -> 4 | AX20: =SUM(AX5:AX18) -> 0 | BB20: =SUM(BB5:BB18) -> 4 | BC20: =SUM(BC5:BC18) -> 4 | BH20: =SUM(BH5:BH18) -> 0 | BJ20: =SUM(BJ5:BJ18) -> 4 | BK20: =SUM(BK5:BK18) -> 2 | BL20: =SUMPRODUCT($H$3:$H$47,$N$3:$N$47,BL3:BL16) -> #VALUE!
A21: Coordination | O21: =SUM(O6:O19) -> 0 | P21: =SUM(P6:P19) -> 3 | Q21: =SUM(Q6:Q19) -> 0 | R21: =SUM(R6:R19) -> 3 | S21: =SUM(S6:S19) -> 3 | T21: =SUM(T6:T19) -> 3 | U21: =SUM(U6:U19) -> 6 | V21: =SUM(V6:V19) -> 4 | ... AU21: =SUM(AU6:AU19) -> 6 | AX21: =SUM(AX6:AX19) -> 0 | BB21: =SUM(BB6:BB19) -> 6 | BC21: =SUM(BC6:BC19) -> 6 | BH21: =SUM(BH6:BH19) -> 0 | BJ21: =SUM(BJ6:BJ19) -> 5 | BK21: =SUM(BK6:BK19) -> 3 | BL21: =DSUM($D$2:$BL$47,$K$2,BL27:BL28) -> 0
A22: Total Teaching Hours per Period | O22: =SUM(O7:O20) -> 0 | P22: =SUM(P7:P20) -> 5 | Q22: =SUM(Q7:Q20) -> 0 | R22: =SUM(R7:R20) -> 5 | S22: =SUM(S7:S20) -> 5 | T22: =SUM(T7:T20) -> 5 | U22: =SUM(U7:U20) -> 10 | V22: =SUM(V7:V20) -> 8 | ... AU22: =SUM(AU7:AU20) -> 8 | AX22: =SUM(AX7:AX20) -> 0 | BB22: =SUM(BB7:BB20) -> 10 | BC22: =SUM(BC7:BC20) -> 9 | BH22: =SUM(BH7:BH20) -> 0 | BJ22: =SUM(BJ7:BJ20) -> 9 | BK22: =SUM(BK7:BK20) -> 4 | BL22: =SUM(BL19:BL21) -> #VALUE!
A23: Total Teaching Hours per Week | O23: =SUM(O8:O21) -> 0 | P23: =SUM(P8:P21) -> 8 | Q23: =SUM(Q8:Q21) -> 0 | R23: =SUM(R8:R21) -> 8 | S23: =SUM(S8:S21) -> 8 | T23: =SUM(T8:T21) -> 8 | U23: =SUM(U8:U21) -> 16 | V23: =SUM(V8:V21) -> 12 | ... AU23: =SUM(AU8:AU21) -> 14 | AX23: =SUM(AX8:AX21) -> 0 | BB23: =SUM(BB8:BB21) -> 15 | BC23: =SUM(BC8:BC21) -> 15 | BH23: =SUM(BH8:BH21) -> 0 | BJ23: =SUM(BJ8:BJ21) -> 14 | BK23: =SUM(BK8:BK21) -> 7
A24: Fixed Role Hours per Week | O24: =SUM(O9:O22) -> 0 | P24: =SUM(P9:P22) -> 13 | Q24: =SUM(Q9:Q22) -> 0 | R24: =SUM(R9:R22) -> 13 | S24: =SUM(S9:S22) -> 13 | T24: =SUM(T9:T22) -> 13 | U24: =SUM(U9:U22) -> 25 | V24: =SUM(V9:V22) -> 20 | ... AU24: =SUM(AU9:AU22) -> 22 | AX24: =SUM(AX9:AX22) -> 0 | BB24: =SUM(BB9:BB22) -> 24 | BC24: =SUM(BC9:BC22) -> 23 | BH24: =SUM(BH9:BH22) -> 0 | BJ24: =SUM(BJ9:BJ22) -> 23 | BK24: =SUM(BK9:BK22) -> 11
A25: Contract Hours per Week | O25: =SUM(O10:O23) -> 0 | P25: =SUM(P10:P23) -> 21 | Q25: =SUM(Q10:Q23) -> 0 | R25: =SUM(R10:R23) -> 21 | S25: =SUM(S10:S23) -> 21 | T25: =SUM(T10:T23) -> 21 | U25: =SUM(U10:U23) -> 41 | V25: =SUM(V10:V23) -> 32 | ... AU25: =SUM(AU10:AU23) -> 36 | AX25: =SUM(AX10:AX23) -> 0 | BB25: =SUM(BB10:BB23) -> 39 | BC25: =SUM(BC10:BC23) -> 38 | BH25: =SUM(BH10:BH23) -> 0 | BJ25: =SUM(BJ10:BJ23) -> 37 | BK25: =SUM(BK10:BK23) -> 18
A26: Hours Remaining per Week | O26: =SUM(O11:O24) -> 0 | P26: =SUM(P11:P24) -> 33 | Q26: =SUM(Q11:Q24) -> 0 | R26: =SUM(R11:R24) -> 34 | S26: =SUM(S11:S24) -> 33 | T26: =SUM(T11:T24) -> 33 | U26: =SUM(U11:U24) -> 65 | V26: =SUM(V11:V24) -> 52 | ... AU26: =SUM(AU11:AU24) -> 58 | AX26: =SUM(AX11:AX24) -> 0 | BB26: =SUM(BB11:BB24) -> 63 | BC26: =SUM(BC11:BC24) -> 61 | BH26: =SUM(BH11:BH24) -> 0 | BJ26: =SUM(BJ11:BJ24) -> 59 | BK26: =SUM(BK11:BK24) -> 29
O27: CO | P27: =P2 -> Lbe | Q27: =Q2 -> LB | R27: =R2 -> Sca | S27: =S2 -> TD | T27: =T2 -> WvD | U27: =U2 -> CE | V27: =V2 -> AF | W27: =W2 -> WG | ... AT27: =AT2 -> CYPL | AU27: CO | AX27: CO | BB27: CO | BC27: CO | BH27: CO | BJ27: CO | BK27: CO | BL27: CO
O28: =O2 -> FAC | P28: =P2 -> Lbe | Q28: =Q2 -> LB | R28: =R2 -> Sca | S28: =S2 -> TD | T28: =T2 -> WvD | U28: =U2 -> CE | V28: =V2 -> AF | ... AU28: =AU2 -> JB/OBP | AX28: =AX2 -> XT/D4 | BB28: =#REF! -> #REF! | BC28: =BC2 -> WH/D4 | BH28: =BH2 -> KK/D4 | BJ28: =BJ2 -> JvZ/D4 | BK28: =BK2 -> WOS/OBP | BL28: =BL2 -> Total
BK29: 4
A32: UCM
A33: No Teaching
A34: Teaching preference

Sheet Totaal
C1: Lbe | D1: LB | E1: Sca | F1: TD | G1: WvD | H1: CE | I1: AF | J1: WG | K1: TG | L1: RH | M1: CH | N1: KH | O1: MH | P1: MK | Q1: MK | R1: VL | S1: EM | T1: DM | U1: JM | V1: UM | W1: AO | X1: JvP | Y1: CR | Z1: IR | AA1: JS | AB1: BS | AC1: ES | AD1: MS | AE1: PV | AF1: DV | AG1: JW | AH1: AW | AI1: CYPL | AJ1: TBD | AK1: TBD | AL1: TBD | AM1: TBD | AN1: TBD | AO1: ZE | AP1: SH | AQ1: KK | AR1: JS | AS1: ElS | AT1: WS | AU1: JvZ | AV1: OB | AW1: JH | AX1: WOS
A2: Period 1
A3: Tutorgroups | C3: =OFFSET('PERIOD 1'!#REF!,MATCH($A3,'PERIOD 1'!$A$46:$A$56,0),MATCH(C$1,'PERIOD 1'!$O$2:$AU$2,0)) -> #REF! | D3: =OFFSET('PERIOD 1'!#REF!,MATCH($A3,'PERIOD 1'!$A$46:$A$56,0),MATCH(D$1,'PERIOD 1'!$O$2:$AU$2,0)) -> #REF! | E3: =OFFSET('PERIOD 1'!#REF!,MATCH($A3,'PERIOD 1'!$A$46:$A$56,0),MATCH(E$1,'PERIOD 1'!$O$2:$AU$2,0)) -> #REF! | F3: =OFFSET('PERIOD 1'!#REF!,MATCH($A3,'PERIOD 1'!$A$46:$A$56,0),MATCH(F$1,'PERIOD 1'!$O$2:$AU$2,0)) -> #REF! | G3: =OFFSET('PERIOD 1'!#REF!,MATCH($A3,'PERIOD 1'!$A$46:$A$56,0),MATCH(G$1,'PERIOD 1'!$O$2:$AU$2,0)) -> #REF! | H3: =OFFSET('PERIOD 1'!#REF!,MATCH($A3,'PERIOD 1'!$A$46:$A$56,0),MATCH(H$1,'PERIOD 1'!$O$2:$AU$2,0)) -> #REF! | I3: =OFFSET('PERIOD 1'!#REF!,MATCH($A3,'PERIOD 1'!$A$46:$A$56,0),MATCH(I$1,'PERIOD 1'!$O$2:$AU$2,0)) -> #REF! | J3: =OFFSET('PERIOD 1'!#REF!,MATCH($A3,'PERIOD 1'!$A$46:$A$56,0),MATCH(J$1,'PERIOD 1'!$O$2:$AU$2,0)) -> #REF! | ... AX3: =OFFSET('PERIOD 1'!#REF!,MATCH($A3,'PERIOD 1'!$A$46:$A$56,0),MATCH(AX$1,'PERIOD 1'!$O$2:$AU$2,0)) -> #REF!
A4: Tutorhours | C4: =OFFSET('PERIOD 1'!#REF!,MATCH($A4,'PERIOD 1'!$A$46:$A$56,0),MATCH(C$1,'PERIOD 1'!$O$2:$AU$2,0)) -> #REF! | D4: =OFFSET('PERIOD 1'!#REF!,MATCH($A4,'PERIOD 1'!$A$46:$A$56,0),MATCH(D$1,'PERIOD 1'!$O$2:$AU$2,0)) -> #REF! | E4: =OFFSET('PERIOD 1'!#REF!,MATCH($A4,'PERIOD 1'!$A$46:$A$56,0),MATCH(E$1,'PERIOD 1'!$O$2:$AU$2,0)) -> #REF! | F4: =OFFSET('PERIOD 1'!#REF!,MATCH($A4,'PERIOD 1'!$A$46:$A$56,0),MATCH(F$1,'PERIOD 1'!$O$2:$AU$2,0)) -> #REF! | G4: =OFFSET('PERIOD 1'!#REF!,MATCH($A4,'PERIOD 1'!$A$46:$A$56,0),MATCH(G$1,'PERIOD 1'!$O$2:$AU$2,0)) -> #REF! | H4: =OFFSET('PERIOD 1'!#REF!,MATCH($A4,'PERIOD 1'!$A$46:$A$56,0),MATCH(H$1,'PERIOD 1'!$O$2:$AU$2,0)) -> #REF! | I4: =OFFSET('PERIOD 1'!#REF!,MATCH($A4,'PERIOD 1'!$A$46:$A$56,0),MATCH(I$1,'PERIOD 1'!$O$2:$AU$2,0)) -> #REF! | J4: =OFFSET('PERIOD 1'!#REF!,MATCH($A4,'PERIOD 1'!$A$46:$A$56,0),MATCH(J$1,'PERIOD 1'!$O$2:$AU$2,0)) -> #REF! | ... AX4: =OFFSET('PERIOD 1'!#REF!,MATCH($A4,'PERIOD 1'!$A$46:$A$56,0),MATCH(AX$1,'PERIOD 1'!$O$2:$AU$2,0)) -> #REF!
A5: Correction | C5: =OFFSET('PERIOD 1'!#REF!,MATCH($A5,'PERIOD 1'!$A$46:$A$56,0),MATCH(C$1,'PERIOD 1'!$O$2:$AU$2,0)) -> #REF! | D5: =OFFSET('PERIOD 1'!#REF!,MATCH($A5,'PERIOD 1'!$A$46:$A$56,0),MATCH(D$1,'PERIOD 1'!$O$2:$AU$2,0)) -> #REF! | E5: =OFFSET('PERIOD 1'!#REF!,MATCH($A5,'PERIOD 1'!$A$46:$A$56,0),MATCH(E$1,'PERIOD 1'!$O$2:$AU$2,0)) -> #REF! | F5: =OFFSET('PERIOD 1'!#REF!,MATCH($A5,'PERIOD 1'!$A$46:$A$56,0),MATCH(F$1,'PERIOD 1'!$O$2:$AU$2,0)) -> #REF! | G5: =OFFSET('PERIOD 1'!#REF!,MATCH($A5,'PERIOD 1'!$A$46:$A$56,0),MATCH(G$1,'PERIOD 1'!$O$2:$AU$2,0)) -> #REF! | H5: =OFFSET('PERIOD 1'!#REF!,MATCH($A5,'PERIOD 1'!$A$46:$A$56,0),MATCH(H$1,'PERIOD 1'!$O$2:$AU$2,0)) -> #REF! | I5: =OFFSET('PERIOD 1'!#REF!,MATCH($A5,'PERIOD 1'!$A$46:$A$56,0),MATCH(I$1,'PERIOD 1'!$O$2:$AU$2,0)) -> #REF! | J5: =OFFSET('PERIOD 1'!#REF!,MATCH($A5,'PERIOD 1'!$A$46:$A$56,0),MATCH(J$1,'PERIOD 1'!$O$2:$AU$2,0)) -> #REF! | ... AX5: =OFFSET('PERIOD 1'!#REF!,MATCH($A5,'PERIOD 1'!$A$46:$A$56,0),MATCH(AX$1,'PERIOD 1'!$O$2:$AU$2,0)) -> #REF!
A6: Coordination | C6: =OFFSET('PERIOD 1'!#REF!,MATCH($A6,'PERIOD 1'!$A$46:$A$56,0),MATCH(C$1,'PERIOD 1'!$O$2:$AU$2,0)) -> #REF! | D6: =OFFSET('PERIOD 1'!#REF!,MATCH($A6,'PERIOD 1'!$A$46:$A$56,0),MATCH(D$1,'PERIOD 1'!$O$2:$AU$2,0)) -> #REF! | E6: =OFFSET('PERIOD 1'!#REF!,MATCH($A6,'PERIOD 1'!$A$46:$A$56,0),MATCH(E$1,'PERIOD 1'!$O$2:$AU$2,0)) -> #REF! | F6: =OFFSET('PERIOD 1'!#REF!,MATCH($A6,'PERIOD 1'!$A$46:$A$56,0),MATCH(F$1,'PERIOD 1'!$O$2:$AU$2,0)) -> #REF! | G6: =OFFSET('PERIOD 1'!#REF!,MATCH($A6,'PERIOD 1'!$A$46:$A$56,0),MATCH(G$1,'PERIOD 1'!$O$2:$AU$2,0)) -> #REF! | H6: =OFFSET('PERIOD 1'!#REF!,MATCH($A6,'PERIOD 1'!$A$46:$A$56,0),MATCH(H$1,'PERIOD 1'!$O$2:$AU$2,0)) -> #REF! | I6: =OFFSET('PERIOD 1'!#REF!,MATCH($A6,'PERIOD 1'!$A$46:$A$56,0),MATCH(I$1,'PERIOD 1'!$O$2:$AU$2,0)) -> #REF! | J6: =OFFSET('PERIOD 1'!#REF!,MATCH($A6,'PERIOD 1'!$A$46:$A$56,0),MATCH(J$1,'PERIOD 1'!$O$2:$AU$2,0)) -> #REF! | ... AX6: =OFFSET('PERIOD 1'!#REF!,MATCH($A6,'PERIOD 1'!$A$46:$A$56,0),MATCH(AX$1,'PERIOD 1'!$O$2:$AU$2,0)) -> #REF!
A7: totaal | C7: =SUM(C4:C6) -> #REF! | D7: =SUM(D4:D6) -> #REF! | E7: =SUM(E4:E6) -> #REF! | F7: =SUM(F4:F6) -> #REF! | G7: =SUM(G4:G6) -> #REF! | H7: =SUM(H4:H6) -> #REF! | I7: =SUM(I4:I6) -> #REF! | J7: =SUM(J4:J6) -> #REF! | ... AX7: =SUM(AX4:AX6) -> #REF!
A9: Period 2
A10: Tutorgroups | C10: =OFFSET('PERIOD 2'!$K$63,MATCH($A10,'PERIOD 2'!$A$64:$A$70,0),MATCH(C$1,'PERIOD 2'!$L$3:$N$3,0)) -> #N/A | D10: =OFFSET('PERIOD 2'!$K$63,MATCH($A10,'PERIOD 2'!$A$64:$A$70,0),MATCH(D$1,'PERIOD 2'!$L$3:$N$3,0)) -> #N/A | E10: =OFFSET('PERIOD 2'!$K$63,MATCH($A10,'PERIOD 2'!$A$64:$A$70,0),MATCH(E$1,'PERIOD 2'!$L$3:$N$3,0)) -> #N/A | F10: =OFFSET('PERIOD 2'!$K$63,MATCH($A10,'PERIOD 2'!$A$64:$A$70,0),MATCH(F$1,'PERIOD 2'!$L$3:$N$3,0)) -> #N/A | G10: =OFFSET('PERIOD 2'!$K$63,MATCH($A10,'PERIOD 2'!$A$64:$A$70,0),MATCH(G$1,'PERIOD 2'!$L$3:$N$3,0)) -> #N/A | H10: =OFFSET('PERIOD 2'!$K$63,MATCH($A10,'PERIOD 2'!$A$64:$A$70,0),MATCH(H$1,'PERIOD 2'!$L$3:$N$3,0)) -> #N/A | I10: =OFFSET('PERIOD 2'!$K$63,MATCH($A10,'PERIOD 2'!$A$64:$A$70,0),MATCH(I$1,'PERIOD 2'!$L$3:$N$3,0)) -> #N/A | J10: =OFFSET('PERIOD 2'!$K$63,MATCH($A10,'PERIOD 2'!$A$64:$A$70,0),MATCH(J$1,'PERIOD 2'!$L$3:$N$3,0)) -> #N/A | ... AX10: =OFFSET('PERIOD 2'!$K$63,MATCH($A10,'PERIOD 2'!$A$64:$A$70,0),MATCH(AX$1,'PERIOD 2'!$L$3:$N$3,0)) -> #N/A
A11: Tutorhours | C11: =OFFSET('PERIOD 2'!$K$63,MATCH($A11,'PERIOD 2'!$A$64:$A$70,0),MATCH(C$1,'PERIOD 2'!$L$3:$N$3,0)) -> #N/A | D11: =OFFSET('PERIOD 2'!$K$63,MATCH($A11,'PERIOD 2'!$A$64:$A$70,0),MATCH(D$1,'PERIOD 2'!$L$3:$N$3,0)) -> #N/A | E11: =OFFSET('PERIOD 2'!$K$63,MATCH($A11,'PERIOD 2'!$A$64:$A$70,0),MATCH(E$1,'PERIOD 2'!$L$3:$N$3,0)) -> #N/A | F11: =OFFSET('PERIOD 2'!$K$63,MATCH($A11,'PERIOD 2'!$A$64:$A$70,0),MATCH(F$1,'PERIOD 2'!$L$3:$N$3,0)) -> #N/A | G11: =OFFSET('PERIOD 2'!$K$63,MATCH($A11,'PERIOD 2'!$A$64:$A$70,0),MATCH(G$1,'PERIOD 2'!$L$3:$N$3,0)) -> #N/A | H11: =OFFSET('PERIOD 2'!$K$63,MATCH($A11,'PERIOD 2'!$A$64:$A$70,0),MATCH(H$1,'PERIOD 2'!$L$3:$N$3,0)) -> #N/A | I11: =OFFSET('PERIOD 2'!$K$63,MATCH($A11,'PERIOD 2'!$A$64:$A$70,0),MATCH(I$1,'PERIOD 2'!$L$3:$N$3,0)) -> #N/A | J11: =OFFSET('PERIOD 2'!$K$63,MATCH($A11,'PERIOD 2'!$A$64:$A$70,0),MATCH(J$1,'PERIOD 2'!$L$3:$N$3,0)) -> #N/A | ... AX11: =OFFSET('PERIOD 2'!$K$63,MATCH($A11,'PERIOD 2'!$A$64:$A$70,0),MATCH(AX$1,'PERIOD 2'!$L$3:$N$3,0)) -> #N/A
A12: Correction | C12: =OFFSET('PERIOD 2'!$K$63,MATCH($A12,'PERIOD 2'!$A$64:$A$70,0),MATCH(C$1,'PERIOD 2'!$L$3:$N$3,0)) -> #N/A | D12: =OFFSET('PERIOD 2'!$K$63,MATCH($A12,'PERIOD 2'!$A$64:$A$70,0),MATCH(D$1,'PERIOD 2'!$L$3:$N$3,0)) -> #N/A | E12: =OFFSET('PERIOD 2'!$K$63,MATCH($A12,'PERIOD 2'!$A$64:$A$70,0),MATCH(E$1,'PERIOD 2'!$L$3:$N$3,0)) -> #N/A | F12: =OFFSET('PERIOD 2'!$K$63,MATCH($A12,'PERIOD 2'!$A$64:$A$70,0),MATCH(F$1,'PERIOD 2'!$L$3:$N$3,0)) -> #N/A | G12: =OFFSET('PERIOD 2'!$K$63,MATCH($A12,'PERIOD 2'!$A$64:$A$70,0),MATCH(G$1,'PERIOD 2'!$L$3:$N$3,0)) -> #N/A | H12: =OFFSET('PERIOD 2'!$K$63,MATCH($A12,'PERIOD 2'!$A$64:$A$70,0),MATCH(H$1,'PERIOD 2'!$L$3:$N$3,0)) -> #N/A | I12: =OFFSET('PERIOD 2'!$K$63,MATCH($A12,'PERIOD 2'!$A$64:$A$70,0),MATCH(I$1,'PERIOD 2'!$L$3:$N$3,0)) -> #N/A | J12: =OFFSET('PERIOD 2'!$K$63,MATCH($A12,'PERIOD 2'!$A$64:$A$70,0),MATCH(J$1,'PERIOD 2'!$L$3:$N$3,0)) -> #N/A | ... AX12: =OFFSET('PERIOD 2'!$K$63,MATCH($A12,'PERIOD 2'!$A$64:$A$70,0),MATCH(AX$1,'PERIOD 2'!$L$3:$N$3,0)) -> #N/A
A13: Coordination | C13: =OFFSET('PERIOD 2'!$K$63,MATCH($A13,'PERIOD 2'!$A$64:$A$70,0),MATCH(C$1,'PERIOD 2'!$L$3:$N$3,0)) -> #N/A | D13: =OFFSET('PERIOD 2'!$K$63,MATCH($A13,'PERIOD 2'!$A$64:$A$70,0),MATCH(D$1,'PERIOD 2'!$L$3:$N$3,0)) -> #N/A | E13: =OFFSET('PERIOD 2'!$K$63,MATCH($A13,'PERIOD 2'!$A$64:$A$70,0),MATCH(E$1,'PERIOD 2'!$L$3:$N$3,0)) -> #N/A | F13: =OFFSET('PERIOD 2'!$K$63,MATCH($A13,'PERIOD 2'!$A$64:$A$70,0),MATCH(F$1,'PERIOD 2'!$L$3:$N$3,0)) -> #N/A | G13: =OFFSET('PERIOD 2'!$K$63,MATCH($A13,'PERIOD 2'!$A$64:$A$70,0),MATCH(G$1,'PERIOD 2'!$L$3:$N$3,0)) -> #N/A | H13: =OFFSET('PERIOD 2'!$K$63,MATCH($A13,'PERIOD 2'!$A$64:$A$70,0),MATCH(H$1,'PERIOD 2'!$L$3:$N$3,0)) -> #N/A | I13: =OFFSET('PERIOD 2'!$K$63,MATCH($A13,'PERIOD 2'!$A$64:$A$70,0),MATCH(I$1,'PERIOD 2'!$L$3:$N$3,0)) -> #N/A | J13: =OFFSET('PERIOD 2'!$K$63,MATCH($A13,'PERIOD 2'!$A$64:$A$70,0),MATCH(J$1,'PERIOD 2'!$L$3:$N$3,0)) -> #N/A | ... AX13: =OFFSET('PERIOD 2'!$K$63,MATCH($A13,'PERIOD 2'!$A$64:$A$70,0),MATCH(AX$1,'PERIOD 2'!$L$3:$N$3,0)) -> #N/A
A14: totaal | C14: =SUM(C11:C13) -> #N/A | D14: =SUM(D11:D13) -> #N/A | E14: =SUM(E11:E13) -> #N/A | F14: =SUM(F11:F13) -> #N/A | G14: =SUM(G11:G13) -> #N/A | H14: =SUM(H11:H13) -> #N/A | I14: =SUM(I11:I13) -> #N/A | J14: =SUM(J11:J13) -> #N/A | ... AX14: =SUM(AX11:AX13) -> #N/A
A16: Period 3
A17: Tutorgroups | C17: =OFFSET('PERIOD 3'!$K$17,MATCH($A17,'PERIOD 3'!$A$18:$A$18,0),MATCH(C$1,'PERIOD 3'!$L$3:$N$3,0)) -> #N/A | D17: =OFFSET('PERIOD 3'!$K$17,MATCH($A17,'PERIOD 3'!$A$18:$A$18,0),MATCH(D$1,'PERIOD 3'!$L$3:$N$3,0)) -> #N/A | E17: =OFFSET('PERIOD 3'!$K$17,MATCH($A17,'PERIOD 3'!$A$18:$A$18,0),MATCH(E$1,'PERIOD 3'!$L$3:$N$3,0)) -> #N/A | F17: =OFFSET('PERIOD 3'!$K$17,MATCH($A17,'PERIOD 3'!$A$18:$A$18,0),MATCH(F$1,'PERIOD 3'!$L$3:$N$3,0)) -> #N/A | G17: =OFFSET('PERIOD 3'!$K$17,MATCH($A17,'PERIOD 3'!$A$18:$A$18,0),MATCH(G$1,'PERIOD 3'!$L$3:$N$3,0)) -> #N/A | H17: =OFFSET('PERIOD 3'!$K$17,MATCH($A17,'PERIOD 3'!$A$18:$A$18,0),MATCH(H$1,'PERIOD 3'!$L$3:$N$3,0)) -> #N/A | I17: =OFFSET('PERIOD 3'!$K$17,MATCH($A17,'PERIOD 3'!$A$18:$A$18,0),MATCH(I$1,'PERIOD 3'!$L$3:$N$3,0)) -> #N/A | J17: =OFFSET('PERIOD 3'!$K$17,MATCH($A17,'PERIOD 3'!$A$18:$A$18,0),MATCH(J$1,'PERIOD 3'!$L$3:$N$3,0)) -> #N/A | ... AX17: =OFFSET('PERIOD 3'!$K$17,MATCH($A17,'PERIOD 3'!$A$18:$A$18,0),MATCH(AX$1,'PERIOD 3'!$L$3:$N$3,0)) -> #N/A
A18: Tutorhours | C18: =OFFSET('PERIOD 3'!$K$17,MATCH($A18,'PERIOD 3'!$A$18:$A$18,0),MATCH(C$1,'PERIOD 3'!$L$3:$N$3,0)) -> #N/A | D18: =OFFSET('PERIOD 3'!$K$17,MATCH($A18,'PERIOD 3'!$A$18:$A$18,0),MATCH(D$1,'PERIOD 3'!$L$3:$N$3,0)) -> #N/A | E18: =OFFSET('PERIOD 3'!$K$17,MATCH($A18,'PERIOD 3'!$A$18:$A$18,0),MATCH(E$1,'PERIOD 3'!$L$3:$N$3,0)) -> #N/A | F18: =OFFSET('PERIOD 3'!$K$17,MATCH($A18,'PERIOD 3'!$A$18:$A$18,0),MATCH(F$1,'PERIOD 3'!$L$3:$N$3,0)) -> #N/A | G18: =OFFSET('PERIOD 3'!$K$17,MATCH($A18,'PERIOD 3'!$A$18:$A$18,0),MATCH(G$1,'PERIOD 3'!$L$3:$N$3,0)) -> #N/A | H18: =OFFSET('PERIOD 3'!$K$17,MATCH($A18,'PERIOD 3'!$A$18:$A$18,0),MATCH(H$1,'PERIOD 3'!$L$3:$N$3,0)) -> #N/A | I18: =OFFSET('PERIOD 3'!$K$17,MATCH($A18,'PERIOD 3'!$A$18:$A$18,0),MATCH(I$1,'PERIOD 3'!$L$3:$N$3,0)) -> #N/A | J18: =OFFSET('PERIOD 3'!$K$17,MATCH($A18,'PERIOD 3'!$A$18:$A$18,0),MATCH(J$1,'PERIOD 3'!$L$3:$N$3,0)) -> #N/A | ... AX18: =OFFSET('PERIOD 3'!$K$17,MATCH($A18,'PERIOD 3'!$A$18:$A$18,0),MATCH(AX$1,'PERIOD 3'!$L$3:$N$3,0)) -> #N/A
A19: Correction | C19: =OFFSET('PERIOD 3'!$K$17,MATCH($A19,'PERIOD 3'!$A$18:$A$18,0),MATCH(C$1,'PERIOD 3'!$L$3:$N$3,0)) -> #N/A | D19: =OFFSET('PERIOD 3'!$K$17,MATCH($A19,'PERIOD 3'!$A$18:$A$18,0),MATCH(D$1,'PERIOD 3'!$L$3:$N$3,0)) -> #N/A | E19: =OFFSET('PERIOD 3'!$K$17,MATCH($A19,'PERIOD 3'!$A$18:$A$18,0),MATCH(E$1,'PERIOD 3'!$L$3:$N$3,0)) -> #N/A | F19: =OFFSET('PERIOD 3'!$K$17,MATCH($A19,'PERIOD 3'!$A$18:$A$18,0),MATCH(F$1,'PERIOD 3'!$L$3:$N$3,0)) -> #N/A | G19: =OFFSET('PERIOD 3'!$K$17,MATCH($A19,'PERIOD 3'!$A$18:$A$18,0),MATCH(G$1,'PERIOD 3'!$L$3:$N$3,0)) -> #N/A | H19: =OFFSET('PERIOD 3'!$K$17,MATCH($A19,'PERIOD 3'!$A$18:$A$18,0),MATCH(H$1,'PERIOD 3'!$L$3:$N$3,0)) -> #N/A | I19: =OFFSET('PERIOD 3'!$K$17,MATCH($A19,'PERIOD 3'!$A$18:$A$18,0),MATCH(I$1,'PERIOD 3'!$L$3:$N$3,0)) -> #N/A | J19: =OFFSET('PERIOD 3'!$K$17,MATCH($A19,'PERIOD 3'!$A$18:$A$18,0),MATCH(J$1,'PERIOD 3'!$L$3:$N$3,0)) -> #N/A | ... AX19: =OFFSET('PERIOD 3'!$K$17,MATCH($A19,'PERIOD 3'!$A$18:$A$18,0),MATCH(AX$1,'PERIOD 3'!$L$3:$N$3,0)) -> #N/A
A20: Coordination | C20: =OFFSET('PERIOD 3'!$K$17,MATCH($A20,'PERIOD 3'!$A$18:$A$18,0),MATCH(C$1,'PERIOD 3'!$L$3:$N$3,0)) -> #N/A | D20: =OFFSET('PERIOD 3'!$K$17,MATCH($A20,'PERIOD 3'!$A$18:$A$18,0),MATCH(D$1,'PERIOD 3'!$L$3:$N$3,0)) -> #N/A | E20: =OFFSET('PERIOD 3'!$K$17,MATCH($A20,'PERIOD 3'!$A$18:$A$18,0),MATCH(E$1,'PERIOD 3'!$L$3:$N$3,0)) -> #N/A | F20: =OFFSET('PERIOD 3'!$K$17,MATCH($A20,'PERIOD 3'!$A$18:$A$18,0),MATCH(F$1,'PERIOD 3'!$L$3:$N$3,0)) -> #N/A | G20: =OFFSET('PERIOD 3'!$K$17,MATCH($A20,'PERIOD 3'!$A$18:$A$18,0),MATCH(G$1,'PERIOD 3'!$L$3:$N$3,0)) -> #N/A | H20: =OFFSET('PERIOD 3'!$K$17,MATCH($A20,'PERIOD 3'!$A$18:$A$18,0),MATCH(H$1,'PERIOD 3'!$L$3:$N$3,0)) -> #N/A | I20: =OFFSET('PERIOD 3'!$K$17,MATCH($A20,'PERIOD 3'!$A$18:$A$18,0),MATCH(I$1,'PERIOD 3'!$L$3:$N$3,0)) -> #N/A | J20: =OFFSET('PERIOD 3'!$K$17,MATCH($A20,'PERIOD 3'!$A$18:$A$18,0),MATCH(J$1,'PERIOD 3'!$L$3:$N$3,0)) -> #N/A | ... AX20: =OFFSET('PERIOD 3'!$K$17,MATCH($A20,'PERIOD 3'!$A$18:$A$18,0),MATCH(AX$1,'PERIOD 3'!$L$3:$N$3,0)) -> #N/A
A21: totaal | C21: =SUM(C18:C20) -> #N/A | D21: =SUM(D18:D20) -> #N/A | E21: =SUM(E18:E20) -> #N/A | F21: =SUM(F18:F20) -> #N/A | G21: =SUM(G18:G20) -> #N/A | H21: =SUM(H18:H20) -> #N/A | I21: =SUM(I18:I20) -> #N/A | J21: =SUM(J18:J20) -> #N/A | ... AX21: =SUM(AX18:AX20) -> #N/A
A23: Period 4
A24: Tutorgroups | C24: =OFFSET('PERIOD 4'!$L$68,MATCH($A24,'PERIOD 4'!$B$69:$B$74,0),MATCH(C$1,'PERIOD 4'!$M$3:$N$3,0)) -> #N/A | D24: =OFFSET('PERIOD 4'!$L$68,MATCH($A24,'PERIOD 4'!$B$69:$B$74,0),MATCH(D$1,'PERIOD 4'!$M$3:$N$3,0)) -> #N/A | E24: =OFFSET('PERIOD 4'!$L$68,MATCH($A24,'PERIOD 4'!$B$69:$B$74,0),MATCH(E$1,'PERIOD 4'!$M$3:$N$3,0)) -> #N/A | F24: =OFFSET('PERIOD 4'!$L$68,MATCH($A24,'PERIOD 4'!$B$69:$B$74,0),MATCH(F$1,'PERIOD 4'!$M$3:$N$3,0)) -> #N/A | G24: =OFFSET('PERIOD 4'!$L$68,MATCH($A24,'PERIOD 4'!$B$69:$B$74,0),MATCH(G$1,'PERIOD 4'!$M$3:$N$3,0)) -> #N/A | H24: =OFFSET('PERIOD 4'!$L$68,MATCH($A24,'PERIOD 4'!$B$69:$B$74,0),MATCH(H$1,'PERIOD 4'!$M$3:$N$3,0)) -> #N/A | I24: =OFFSET('PERIOD 4'!$L$68,MATCH($A24,'PERIOD 4'!$B$69:$B$74,0),MATCH(I$1,'PERIOD 4'!$M$3:$N$3,0)) -> #N/A | J24: =OFFSET('PERIOD 4'!$L$68,MATCH($A24,'PERIOD 4'!$B$69:$B$74,0),MATCH(J$1,'PERIOD 4'!$M$3:$N$3,0)) -> #N/A | ... AX24: =OFFSET('PERIOD 4'!$L$68,MATCH($A24,'PERIOD 4'!$B$69:$B$74,0),MATCH(AX$1,'PERIOD 4'!$M$3:$N$3,0)) -> #N/A
A25: Tutorhours | C25: =OFFSET('PERIOD 4'!$L$68,MATCH($A25,'PERIOD 4'!$B$69:$B$74,0),MATCH(C$1,'PERIOD 4'!$M$3:$N$3,0)) -> #N/A | D25: =OFFSET('PERIOD 4'!$L$68,MATCH($A25,'PERIOD 4'!$B$69:$B$74,0),MATCH(D$1,'PERIOD 4'!$M$3:$N$3,0)) -> #N/A | E25: =OFFSET('PERIOD 4'!$L$68,MATCH($A25,'PERIOD 4'!$B$69:$B$74,0),MATCH(E$1,'PERIOD 4'!$M$3:$N$3,0)) -> #N/A | F25: =OFFSET('PERIOD 4'!$L$68,MATCH($A25,'PERIOD 4'!$B$69:$B$74,0),MATCH(F$1,'PERIOD 4'!$M$3:$N$3,0)) -> #N/A | G25: =OFFSET('PERIOD 4'!$L$68,MATCH($A25,'PERIOD 4'!$B$69:$B$74,0),MATCH(G$1,'PERIOD 4'!$M$3:$N$3,0)) -> #N/A | H25: =OFFSET('PERIOD 4'!$L$68,MATCH($A25,'PERIOD 4'!$B$69:$B$74,0),MATCH(H$1,'PERIOD 4'!$M$3:$N$3,0)) -> #N/A | I25: =OFFSET('PERIOD 4'!$L$68,MATCH($A25,'PERIOD 4'!$B$69:$B$74,0),MATCH(I$1,'PERIOD 4'!$M$3:$N$3,0)) -> #N/A | J25: =OFFSET('PERIOD 4'!$L$68,MATCH($A25,'PERIOD 4'!$B$69:$B$74,0),MATCH(J$1,'PERIOD 4'!$M$3:$N$3,0)) -> #N/A | ... AX25: =OFFSET('PERIOD 4'!$L$68,MATCH($A25,'PERIOD 4'!$B$69:$B$74,0),MATCH(AX$1,'PERIOD 4'!$M$3:$N$3,0)) -> #N/A
A26: Correction | C26: =OFFSET('PERIOD 4'!$L$68,MATCH($A26,'PERIOD 4'!$B$69:$B$74,0),MATCH(C$1,'PERIOD 4'!$M$3:$N$3,0)) -> #N/A | D26: =OFFSET('PERIOD 4'!$L$68,MATCH($A26,'PERIOD 4'!$B$69:$B$74,0),MATCH(D$1,'PERIOD 4'!$M$3:$N$3,0)) -> #N/A | E26: =OFFSET('PERIOD 4'!$L$68,MATCH($A26,'PERIOD 4'!$B$69:$B$74,0),MATCH(E$1,'PERIOD 4'!$M$3:$N$3,0)) -> #N/A | F26: =OFFSET('PERIOD 4'!$L$68,MATCH($A26,'PERIOD 4'!$B$69:$B$74,0),MATCH(F$1,'PERIOD 4'!$M$3:$N$3,0)) -> #N/A | G26: =OFFSET('PERIOD 4'!$L$68,MATCH($A26,'PERIOD 4'!$B$69:$B$74,0),MATCH(G$1,'PERIOD 4'!$M$3:$N$3,0)) -> #N/A | H26: =OFFSET('PERIOD 4'!$L$68,MATCH($A26,'PERIOD 4'!$B$69:$B$74,0),MATCH(H$1,'PERIOD 4'!$M$3:$N$3,0)) -> #N/A | I26: =OFFSET('PERIOD 4'!$L$68,MATCH($A26,'PERIOD 4'!$B$69:$B$74,0),MATCH(I$1,'PERIOD 4'!$M$3:$N$3,0)) -> #N/A | J26: =OFFSET('PERIOD 4'!$L$68,MATCH($A26,'PERIOD 4'!$B$69:$B$74,0),MATCH(J$1,'PERIOD 4'!$M$3:$N$3,0)) -> #N/A | ... AX26: =OFFSET('PERIOD 4'!$L$68,MATCH($A26,'PERIOD 4'!$B$69:$B$74,0),MATCH(AX$1,'PERIOD 4'!$M$3:$N$3,0)) -> #N/A
A27: Coordination | C27: =OFFSET('PERIOD 4'!$L$68,MATCH($A27,'PERIOD 4'!$B$69:$B$74,0),MATCH(C$1,'PERIOD 4'!$M$3:$N$3,0)) -> #N/A | D27: =OFFSET('PERIOD 4'!$L$68,MATCH($A27,'PERIOD 4'!$B$69:$B$74,0),MATCH(D$1,'PERIOD 4'!$M$3:$N$3,0)) -> #N/A | E27: =OFFSET('PERIOD 4'!$L$68,MATCH($A27,'PERIOD 4'!$B$69:$B$74,0),MATCH(E$1,'PERIOD 4'!$M$3:$N$3,0)) -> #N/A | F27: =OFFSET('PERIOD 4'!$L$68,MATCH($A27,'PERIOD 4'!$B$69:$B$74,0),MATCH(F$1,'PERIOD 4'!$M$3:$N$3,0)) -> #N/A | G27: =OFFSET('PERIOD 4'!$L$68,MATCH($A27,'PERIOD 4'!$B$69:$B$74,0),MATCH(G$1,'PERIOD 4'!$M$3:$N$3,0)) -> #N/A | H27: =OFFSET('PERIOD 4'!$L$68,MATCH($A27,'PERIOD 4'!$B$69:$B$74,0),MATCH(H$1,'PERIOD 4'!$M$3:$N$3,0)) -> #N/A | I27: =OFFSET('PERIOD 4'!$L$68,MATCH($A27,'PERIOD 4'!$B$69:$B$74,0),MATCH(I$1,'PERIOD 4'!$M$3:$N$3,0)) -> #N/A | J27: =OFFSET('PERIOD 4'!$L$68,MATCH($A27,'PERIOD 4'!$B$69:$B$74,0),MATCH(J$1,'PERIOD 4'!$M$3:$N$3,0)) -> #N/A | ... AX27: =OFFSET('PERIOD 4'!$L$68,MATCH($A27,'PERIOD 4'!$B$69:$B$74,0),MATCH(AX$1,'PERIOD 4'!$M$3:$N$3,0)) -> #N/A
A28: totaal | C28: =SUM(C25:C27) -> #N/A | D28: =SUM(D25:D27) -> #N/A | E28: =SUM(E25:E27) -> #N/A | F28: =SUM(F25:F27) -> #N/A | G28: =SUM(G25:G27) -> #N/A | H28: =SUM(H25:H27) -> #N/A | I28: =SUM(I25:I27) -> #N/A | J28: =SUM(J25:J27) -> #N/A | ... AX28: =SUM(AX25:AX27) -> #N/A
A30: Period 5
A31: Tutorgroups | C31: =OFFSET('PERIOD 5'!$K$61,MATCH($A31,'PERIOD 5'!$A$62:$A$67,0),MATCH(C$1,'PERIOD 5'!$L$3:$N$3,0)) -> #N/A | D31: =OFFSET('PERIOD 5'!$K$61,MATCH($A31,'PERIOD 5'!$A$62:$A$67,0),MATCH(D$1,'PERIOD 5'!$L$3:$N$3,0)) -> #N/A | E31: =OFFSET('PERIOD 5'!$K$61,MATCH($A31,'PERIOD 5'!$A$62:$A$67,0),MATCH(E$1,'PERIOD 5'!$L$3:$N$3,0)) -> #N/A | F31: =OFFSET('PERIOD 5'!$K$61,MATCH($A31,'PERIOD 5'!$A$62:$A$67,0),MATCH(F$1,'PERIOD 5'!$L$3:$N$3,0)) -> #N/A | G31: =OFFSET('PERIOD 5'!$K$61,MATCH($A31,'PERIOD 5'!$A$62:$A$67,0),MATCH(G$1,'PERIOD 5'!$L$3:$N$3,0)) -> #N/A | H31: =OFFSET('PERIOD 5'!$K$61,MATCH($A31,'PERIOD 5'!$A$62:$A$67,0),MATCH(H$1,'PERIOD 5'!$L$3:$N$3,0)) -> #N/A | I31: =OFFSET('PERIOD 5'!$K$61,MATCH($A31,'PERIOD 5'!$A$62:$A$67,0),MATCH(I$1,'PERIOD 5'!$L$3:$N$3,0)) -> #N/A | J31: =OFFSET('PERIOD 5'!$K$61,MATCH($A31,'PERIOD 5'!$A$62:$A$67,0),MATCH(J$1,'PERIOD 5'!$L$3:$N$3,0)) -> #N/A | ... AX31: =OFFSET('PERIOD 5'!$K$61,MATCH($A31,'PERIOD 5'!$A$62:$A$67,0),MATCH(AX$1,'PERIOD 5'!$L$3:$N$3,0)) -> #N/A
A32: Tutorhours | C32: =OFFSET('PERIOD 5'!$K$61,MATCH($A32,'PERIOD 5'!$A$62:$A$67,0),MATCH(C$1,'PERIOD 5'!$L$3:$N$3,0)) -> #N/A | D32: =OFFSET('PERIOD 5'!$K$61,MATCH($A32,'PERIOD 5'!$A$62:$A$67,0),MATCH(D$1,'PERIOD 5'!$L$3:$N$3,0)) -> #N/A | E32: =OFFSET('PERIOD 5'!$K$61,MATCH($A32,'PERIOD 5'!$A$62:$A$67,0),MATCH(E$1,'PERIOD 5'!$L$3:$N$3,0)) -> #N/A | F32: =OFFSET('PERIOD 5'!$K$61,MATCH($A32,'PERIOD 5'!$A$62:$A$67,0),MATCH(F$1,'PERIOD 5'!$L$3:$N$3,0)) -> #N/A | G32: =OFFSET('PERIOD 5'!$K$61,MATCH($A32,'PERIOD 5'!$A$62:$A$67,0),MATCH(G$1,'PERIOD 5'!$L$3:$N$3,0)) -> #N/A | H32: =OFFSET('PERIOD 5'!$K$61,MATCH($A32,'PERIOD 5'!$A$62:$A$67,0),MATCH(H$1,'PERIOD 5'!$L$3:$N$3,0)) -> #N/A | I32: =OFFSET('PERIOD 5'!$K$61,MATCH($A32,'PERIOD 5'!$A$62:$A$67,0),MATCH(I$1,'PERIOD 5'!$L$3:$N$3,0)) -> #N/A | J32: =OFFSET('PERIOD 5'!$K$61,MATCH($A32,'PERIOD 5'!$A$62:$A$67,0),MATCH(J$1,'PERIOD 5'!$L$3:$N$3,0)) -> #N/A | ... AX32: =OFFSET('PERIOD 5'!$K$61,MATCH($A32,'PERIOD 5'!$A$62:$A$67,0),MATCH(AX$1,'PERIOD 5'!$L$3:$N$3,0)) -> #N/A
A33: Correction | C33: =OFFSET('PERIOD 5'!$K$61,MATCH($A33,'PERIOD 5'!$A$62:$A$67,0),MATCH(C$1,'PERIOD 5'!$L$3:$N$3,0)) -> #N/A | D33: =OFFSET('PERIOD 5'!$K$61,MATCH($A33,'PERIOD 5'!$A$62:$A$67,0),MATCH(D$1,'PERIOD 5'!$L$3:$N$3,0)) -> #N/A | E33: =OFFSET('PERIOD 5'!$K$61,MATCH($A33,'PERIOD 5'!$A$62:$A$67,0),MATCH(E$1,'PERIOD 5'!$L$3:$N$3,0)) -> #N/A | F33: =OFFSET('PERIOD 5'!$K$61,MATCH($A33,'PERIOD 5'!$A$62:$A$67,0),MATCH(F$1,'PERIOD 5'!$L$3:$N$3,0)) -> #N/A | G33: =OFFSET('PERIOD 5'!$K$61,MATCH($A33,'PERIOD 5'!$A$62:$A$67,0),MATCH(G$1,'PERIOD 5'!$L$3:$N$3,0)) -> #N/A | H33: =OFFSET('PERIOD 5'!$K$61,MATCH($A33,'PERIOD 5'!$A$62:$A$67,0),MATCH(H$1,'PERIOD 5'!$L$3:$N$3,0)) -> #N/A | I33: =OFFSET('PERIOD 5'!$K$61,MATCH($A33,'PERIOD 5'!$A$62:$A$67,0),MATCH(I$1,'PERIOD 5'!$L$3:$N$3,0)) -> #N/A | J33: =OFFSET('PERIOD 5'!$K$61,MATCH($A33,'PERIOD 5'!$A$62:$A$67,0),MATCH(J$1,'PERIOD 5'!$L$3:$N$3,0)) -> #N/A | ... AX33: =OFFSET('PERIOD 5'!$K$61,MATCH($A33,'PERIOD 5'!$A$62:$A$67,0),MATCH(AX$1,'PERIOD 5'!$L$3:$N$3,0)) -> #N/A
A34: Coordination | C34: =OFFSET('PERIOD 5'!$K$61,MATCH($A34,'PERIOD 5'!$A$62:$A$67,0),MATCH(C$1,'PERIOD 5'!$L$3:$N$3,0)) -> #N/A | D34: =OFFSET('PERIOD 5'!$K$61,MATCH($A34,'PERIOD 5'!$A$62:$A$67,0),MATCH(D$1,'PERIOD 5'!$L$3:$N$3,0)) -> #N/A | E34: =OFFSET('PERIOD 5'!$K$61,MATCH($A34,'PERIOD 5'!$A$62:$A$67,0),MATCH(E$1,'PERIOD 5'!$L$3:$N$3,0)) -> #N/A | F34: =OFFSET('PERIOD 5'!$K$61,MATCH($A34,'PERIOD 5'!$A$62:$A$67,0),MATCH(F$1,'PERIOD 5'!$L$3:$N$3,0)) -> #N/A | G34: =OFFSET('PERIOD 5'!$K$61,MATCH($A34,'PERIOD 5'!$A$62:$A$67,0),MATCH(G$1,'PERIOD 5'!$L$3:$N$3,0)) -> #N/A | H34: =OFFSET('PERIOD 5'!$K$61,MATCH($A34,'PERIOD 5'!$A$62:$A$67,0),MATCH(H$1,'PERIOD 5'!$L$3:$N$3,0)) -> #N/A | I34: =OFFSET('PERIOD 5'!$K$61,MATCH($A34,'PERIOD 5'!$A$62:$A$67,0),MATCH(I$1,'PERIOD 5'!$L$3:$N$3,0)) -> #N/A | J34: =OFFSET('PERIOD 5'!$K$61,MATCH($A34,'PERIOD 5'!$A$62:$A$67,0),MATCH(J$1,'PERIOD 5'!$L$3:$N$3,0)) -> #N/A | ... AX34: =OFFSET('PERIOD 5'!$K$61,MATCH($A34,'PERIOD 5'!$A$62:$A$67,0),MATCH(AX$1,'PERIOD 5'!$L$3:$N$3,0)) -> #N/A
A35: totaal | C35: =SUM(C32:C34) -> #N/A | D35: =SUM(D32:D34) -> #N/A | E35: =SUM(E32:E34) -> #N/A | F35: =SUM(F32:F34) -> #N/A | G35: =SUM(G32:G34) -> #N/A | H35: =SUM(H32:H34) -> #N/A | I35: =SUM(I32:I34) -> #N/A | J35: =SUM(J32:J34) -> #N/A | ... AX35: =SUM(AX32:AX34) -> #N/A
A37: Period 6
A38: Tutorgroups | C38: =OFFSET('PERIOD 6'!#REF!,MATCH($A38,'PERIOD 6'!#REF!,0),MATCH(C$1,'PERIOD 6'!$L$4:$N$4,0)) -> #REF! | D38: =OFFSET('PERIOD 6'!#REF!,MATCH($A38,'PERIOD 6'!#REF!,0),MATCH(D$1,'PERIOD 6'!$L$4:$N$4,0)) -> #REF! | E38: =OFFSET('PERIOD 6'!#REF!,MATCH($A38,'PERIOD 6'!#REF!,0),MATCH(E$1,'PERIOD 6'!$L$4:$N$4,0)) -> #REF! | F38: =OFFSET('PERIOD 6'!#REF!,MATCH($A38,'PERIOD 6'!#REF!,0),MATCH(F$1,'PERIOD 6'!$L$4:$N$4,0)) -> #REF! | G38: =OFFSET('PERIOD 6'!#REF!,MATCH($A38,'PERIOD 6'!#REF!,0),MATCH(G$1,'PERIOD 6'!$L$4:$N$4,0)) -> #REF! | H38: =OFFSET('PERIOD 6'!#REF!,MATCH($A38,'PERIOD 6'!#REF!,0),MATCH(H$1,'PERIOD 6'!$L$4:$N$4,0)) -> #REF! | I38: =OFFSET('PERIOD 6'!#REF!,MATCH($A38,'PERIOD 6'!#REF!,0),MATCH(I$1,'PERIOD 6'!$L$4:$N$4,0)) -> #REF! | J38: =OFFSET('PERIOD 6'!#REF!,MATCH($A38,'PERIOD 6'!#REF!,0),MATCH(J$1,'PERIOD 6'!$L$4:$N$4,0)) -> #REF! | ... AX38: =OFFSET('PERIOD 6'!#REF!,MATCH($A38,'PERIOD 6'!#REF!,0),MATCH(AX$1,'PERIOD 6'!$L$4:$N$4,0)) -> #REF!
A39: Tutorhours | C39: =OFFSET('PERIOD 6'!#REF!,MATCH($A39,'PERIOD 6'!#REF!,0),MATCH(C$1,'PERIOD 6'!$L$4:$N$4,0)) -> #REF! | D39: =OFFSET('PERIOD 6'!#REF!,MATCH($A39,'PERIOD 6'!#REF!,0),MATCH(D$1,'PERIOD 6'!$L$4:$N$4,0)) -> #REF! | E39: =OFFSET('PERIOD 6'!#REF!,MATCH($A39,'PERIOD 6'!#REF!,0),MATCH(E$1,'PERIOD 6'!$L$4:$N$4,0)) -> #REF! | F39: =OFFSET('PERIOD 6'!#REF!,MATCH($A39,'PERIOD 6'!#REF!,0),MATCH(F$1,'PERIOD 6'!$L$4:$N$4,0)) -> #REF! | G39: =OFFSET('PERIOD 6'!#REF!,MATCH($A39,'PERIOD 6'!#REF!,0),MATCH(G$1,'PERIOD 6'!$L$4:$N$4,0)) -> #REF! | H39: =OFFSET('PERIOD 6'!#REF!,MATCH($A39,'PERIOD 6'!#REF!,0),MATCH(H$1,'PERIOD 6'!$L$4:$N$4,0)) -> #REF! | I39: =OFFSET('PERIOD 6'!#REF!,MATCH($A39,'PERIOD 6'!#REF!,0),MATCH(I$1,'PERIOD 6'!$L$4:$N$4,0)) -> #REF! | J39: =OFFSET('PERIOD 6'!#REF!,MATCH($A39,'PERIOD 6'!#REF!,0),MATCH(J$1,'PERIOD 6'!$L$4:$N$4,0)) -> #REF! | ... AX39: =OFFSET('PERIOD 6'!#REF!,MATCH($A39,'PERIOD 6'!#REF!,0),MATCH(AX$1,'PERIOD 6'!$L$4:$N$4,0)) -> #REF!
A40: Correction | C40: =OFFSET('PERIOD 6'!#REF!,MATCH($A40,'PERIOD 6'!#REF!,0),MATCH(C$1,'PERIOD 6'!$L$4:$N$4,0)) -> #REF! | D40: =OFFSET('PERIOD 6'!#REF!,MATCH($A40,'PERIOD 6'!#REF!,0),MATCH(D$1,'PERIOD 6'!$L$4:$N$4,0)) -> #REF! | E40: =OFFSET('PERIOD 6'!#REF!,MATCH($A40,'PERIOD 6'!#REF!,0),MATCH(E$1,'PERIOD 6'!$L$4:$N$4,0)) -> #REF! | F40: =OFFSET('PERIOD 6'!#REF!,MATCH($A40,'PERIOD 6'!#REF!,0),MATCH(F$1,'PERIOD 6'!$L$4:$N$4,0)) -> #REF! | G40: =OFFSET('PERIOD 6'!#REF!,MATCH($A40,'PERIOD 6'!#REF!,0),MATCH(G$1,'PERIOD 6'!$L$4:$N$4,0)) -> #REF! | H40: =OFFSET('PERIOD 6'!#REF!,MATCH($A40,'PERIOD 6'!#REF!,0),MATCH(H$1,'PERIOD 6'!$L$4:$N$4,0)) -> #REF! | I40: =OFFSET('PERIOD 6'!#REF!,MATCH($A40,'PERIOD 6'!#REF!,0),MATCH(I$1,'PERIOD 6'!$L$4:$N$4,0)) -> #REF! | J40: =OFFSET('PERIOD 6'!#REF!,MATCH($A40,'PERIOD 6'!#REF!,0),MATCH(J$1,'PERIOD 6'!$L$4:$N$4,0)) -> #REF! | ... AX40: =OFFSET('PERIOD 6'!#REF!,MATCH($A40,'PERIOD 6'!#REF!,0),MATCH(AX$1,'PERIOD 6'!$L$4:$N$4,0)) -> #REF!
A41: Coordination | C41: =OFFSET('PERIOD 6'!#REF!,MATCH($A41,'PERIOD 6'!#REF!,0),MATCH(C$1,'PERIOD 6'!$L$4:$N$4,0)) -> #REF! | D41: =OFFSET('PERIOD 6'!#REF!,MATCH($A41,'PERIOD 6'!#REF!,0),MATCH(D$1,'PERIOD 6'!$L$4:$N$4,0)) -> #REF! | E41: =OFFSET('PERIOD 6'!#REF!,MATCH($A41,'PERIOD 6'!#REF!,0),MATCH(E$1,'PERIOD 6'!$L$4:$N$4,0)) -> #REF! | F41: =OFFSET('PERIOD 6'!#REF!,MATCH($A41,'PERIOD 6'!#REF!,0),MATCH(F$1,'PERIOD 6'!$L$4:$N$4,0)) -> #REF! | G41: =OFFSET('PERIOD 6'!#REF!,MATCH($A41,'PERIOD 6'!#REF!,0),MATCH(G$1,'PERIOD 6'!$L$4:$N$4,0)) -> #REF! | H41: =OFFSET('PERIOD 6'!#REF!,MATCH($A41,'PERIOD 6'!#REF!,0),MATCH(H$1,'PERIOD 6'!$L$4:$N$4,0)) -> #REF! | I41: =OFFSET('PERIOD 6'!#REF!,MATCH($A41,'PERIOD 6'!#REF!,0),MATCH(I$1,'PERIOD 6'!$L$4:$N$4,0)) -> #REF! | J41: =OFFSET('PERIOD 6'!#REF!,MATCH($A41,'PERIOD 6'!#REF!,0),MATCH(J$1,'PERIOD 6'!$L$4:$N$4,0)) -> #REF! | ... AX41: =OFFSET('PERIOD 6'!#REF!,MATCH($A41,'PERIOD 6'!#REF!,0),MATCH(AX$1,'PERIOD 6'!$L$4:$N$4,0)) -> #REF!
A42: totaal | C42: =SUM(C39:C41) -> #REF! | D42: =SUM(D39:D41) -> #REF! | E42: =SUM(E39:E41) -> #REF! | F42: =SUM(F39:F41) -> #REF! | G42: =SUM(G39:G41) -> #REF! | H42: =SUM(H39:H41) -> #REF! | I42: =SUM(I39:I41) -> #REF! | J42: =SUM(J39:J41) -> #REF! | ... AX42: =SUM(AX39:AX41) -> #REF!
A45: Totaal 16-17 | C45: =C42+C35+C28+C21+C14+C7 -> #REF! | D45: =D42+D35+D28+D21+D14+D7 -> #REF! | E45: =E42+E35+E28+E21+E14+E7 -> #REF! | F45: =F42+F35+F28+F21+F14+F7 -> #REF! | G45: =G42+G35+G28+G21+G14+G7 -> #REF! | H45: =H42+H35+H28+H21+H14+H7 -> #REF! | I45: =I42+I35+I28+I21+I14+I7 -> #REF! | J45: =J42+J35+J28+J21+J14+J7 -> #REF! | ... AX45: =AX42+AX35+AX28+AX21+AX14+AX7 -> #REF!
A47: Vaste rollen
A48: Vice Dean
A49: Science coordination
A50: Course development
A51: Examination Board chair
A52: Examination board member
A53: Skills coordination
A54: AA coordination/committee
A55: Internship coordination
A56: Curriculum evaluation
A57: PEERS coordination
A58: Curriculum evaluation
... A66: MLJA Editorial board
A68: Total fixed roles | C68: =SUM(C47:C67) -> 0 | D68: =SUM(D47:D67) -> 0 | E68: =SUM(E47:E67) -> 0 | F68: =SUM(F47:F67) -> 0 | G68: =SUM(G47:G67) -> 0 | H68: =SUM(H47:H67) -> 0 | I68: =SUM(I47:I67) -> 0 | J68: =SUM(J47:J67) -> 0 | ... AX68: =SUM(AX47:AX67) -> 0
A70: Capstone Stud sem 1
A71: Capstone Stud sem 2
A72: hours | B72: 12 | C72: =C70*$B$72+C71*$B$72 -> 0 | D72: =D70*$B$72+D71*$B$72 -> 0 | E72: =E70*$B$72+E71*$B$72 -> 0 | F72: =F70*$B$72+F71*$B$72 -> 0 | G72: =G70*$B$72+G71*$B$72 -> 0 | H72: =H70*$B$72+H71*$B$72 -> 0 | I72: =I70*$B$72+I71*$B$72 -> 0 | J72: =J70*$B$72+J71*$B$72 -> 0 | ... AX72: =AX70*$B$72+AX71*$B$72 -> 0
A74: Peers Stud sem 1
A75: Peers Stud sem 2
A76: hours | B76: 20 | C76: =(C74+C75)*$B$76 -> 0 | D76: =(D74+D75)*$B$76 -> 0 | E76: =(E74+E75)*$B$76 -> 0 | F76: =(F74+F75)*$B$76 -> 0 | G76: =(G74+G75)*$B$76 -> 0 | H76: =(H74+H75)*$B$76 -> 0 | I76: =(I74+I75)*$B$76 -> 0 | J76: =(J74+J75)*$B$76 -> 0 | ... AX76: =(AX74+AX75)*$B$76 -> 0
A78: AA Students/Fall
A79: AA Students/Spring
A80: hours | B80: 3.5 | C80: =(C78+C79)*$B$80 -> 0 | D80: =(D78+D79)*$B$80 -> 0 | E80: =(E78+E79)*$B$80 -> 0 | F80: =(F78+F79)*$B$80 -> 0 | G80: =(G78+G79)*$B$80 -> 0 | H80: =(H78+H79)*$B$80 -> 0 | I80: =(I78+I79)*$B$80 -> 0 | J80: =(J78+J79)*$B$80 -> 0 | ... AX80: =(AX78+AX79)*$B$80 -> 0
A82: Interviews
A83: number feb 2017 | C83: 0 | D83: 0 | E83: 2 | F83: 4 | G83: 0 | H83: 1 | I83: 3 | J83: 2 | K83: 0 | L83: 3 | M83: 2 | N83: 0 | O83: 3 | P83: 2 | Q83: 0 | R83: 2 | S83: 2 | T83: 0 | U83: 0 | W83: 3
A84: number sept 2017
A85: hours | B85: 1 | C85: =C83+C84*$B$85 -> 0 | D85: =D83+D84*$B$85 -> 0 | E85: =E83+E84*$B$85 -> 2 | F85: =F83+F84*$B$85 -> 4 | G85: =G83+G84*$B$85 -> 0 | H85: =H83+H84*$B$85 -> 1 | I85: =I83+I84*$B$85 -> 3 | J85: =J83+J84*$B$85 -> 2 | ... AX85: =AX83+AX84*$B$85 -> 0
A87: Total hours | C87: =C85+C80+C72+C45+C68+C76 -> #REF! | D87: =D85+D80+D72+D45+D68+D76 -> #REF! | E87: =E85+E80+E72+E45+E68+E76 -> #REF! | F87: =F85+F80+F72+F45+F68+F76 -> #REF! | G87: =G85+G80+G72+G45+G68+G76 -> #REF! | H87: =H85+H80+H72+H45+H68+H76 -> #REF! | I87: =I85+I80+I72+I45+I68+I76 -> #REF! | J87: =J85+J80+J72+J45+J68+J76 -> #REF! | ... AX87: =AX85+AX80+AX72+AX45+AX68+AX76 -> #REF!
A88: Norm hours | D88: 1150 | E88: 1150 | F88: 1150 | G88: 1150 | H88: 1150 | I88: 1150 | J88: 1150 | K88: 1150 | L88: 1150 | M88: 1150 | N88: 1150 | O88: 1150 | P88: 1150 | Q88: 1150 | R88: 1150 | S88: 1150 | T88: 1150 | U88: 1150 | V88: 1150 | W88: 1150 | X88: 1150 | Y88: 1150 | Z88: 1150 | AA88: 1150 | AB88: 1150 | AC88: 1150 | AD88: 1150 | AE88: 1150 | AF88: 1150 | AG88: 1150 | AH88: 1150 | AI88: 1150 | AJ88: 1150 | AK88: 1150 | AL88: 1150 | AM88: 1150 | AN88: 1150 | AO88: 1150 | AP88: 1150 | AQ88: 1150 | AR88: 1150 | AS88: 1150 | AT88: 1150 | AU88: 1150 | AV88: 1150 | AW88: 1150 | AX88: 1150
A89: difference | C89: =C88-C87 -> #REF! | D89: =D88-D87 -> #REF! | E89: =E88-E87 -> #REF! | F89: =F88-F87 -> #REF! | G89: =G88-G87 -> #REF! | H89: =H88-H87 -> #REF! | I89: =I88-I87 -> #REF! | J89: =J88-J87 -> #REF! | ... AX89: =AX88-AX87 -> #REF!
